package_name,title_de,maintainer,maintainer_email,issued,modified,license,keywords_de
waldbrandgefahr,Waldbrandgefahr,info@bafu.admin.ch,,2023-03-15T00:00:00,2026-07-20T13:14:08+00:00,,
karte-der-aktuellen-erdbeben-letzte-90-tage-in-der-schweiz-und-im-grenznahen-ausland,Karte der aktuellen Erdbeben (letzte 90 Tage) in der Schweiz und im grenznahen Ausland,sedweb@sed.ethz.ch,,2016-11-01T00:00:00,,,"erdbeben,landsat,gebiete-mit-naturbedingten-risiken,bgdi-bundesgeodaten-infrastruktur"
magnetfeldbelastung-elektrische-anlagen-modelliert,Magnetfeldbelastung durch elektrische Anlagen (modelliert),noise@bafu.admin.ch,,2026-04-15T00:00:00,,,"e-geoch,aufbewahrungs--und-archivierungsplanung-aap---bund,nichtionisierende-strahlung,energiebedingte-umweltbelastung,elektrosmog,strahlung,umwelt,hochspannungsleitung,elektrizitat,magnetismus,gesundheit-und-sicherheit"
quellen-und-schwinden-in-karstgebieten,Quellen und Schwinden in Karstgebieten,hydrogeologie@bafu.admin.ch,,2016-03-01T00:00:00,,,"grundwasser,quelle,karstgebiet,hydrogeologie,umwelt"
waldbrandpraventionsmassnahmen,Waldbrandpräventionsmassnahmen,info@bafu.admin.ch,,2023-03-15T00:00:00,2026-07-18T10:14:11+00:00,,
schweizweite-hinweiskarten-des-lichtbedingten-verjungungspotentials-stand-lfi-vhm-2024,Schweizweite Hinweiskarten des lichtbedingten Verjüngungspotentials (Stand LFI VHM 2024),remotesensing@wsl.ch,,2026-05-21T00:00:00,,,"waldentwicklung,waldnutzung,fise-forest-information-system-for-europe,aufbewahrungs--und-archivierungsplanung-aap---bund,airborne-laser-scanning,bgdi-bundesgeodaten-infrastruktur,licht,wald,waldbestand,bgdi-bundesgeodaten-infrastruktur"
co2-emissionen-aus-brennstoffen-witterungsbereinigt-und-treibstoffen,CO2-Emissionen aus Brennstoffen (witterungsbereinigt) und Treibstoffen,climatereporting@bafu.admin.ch,,2022-10-21T00:00:00,2026-07-13T08:46:22.818000+00:00,,
anteile-der-treibhausgasemissionen-aus-treibstoffen-im-sektor-verkehr,Anteile der Treibhausgasemissionen aus Treibstoffen im Sektor Verkehr,climatereporting@bafu.admin.ch,,2022-09-29T00:00:00,2026-07-13T08:45:45.045000+00:00,,
diffuse-gesamt-stickstoffeintrage-in-die-gewasser,Diffuse Gesamt-Stickstoffeinträge in die Gewässer,wasser@bafu.admin.ch,,2015-07-01T00:00:00,2023-01-01T00:00:00,,"stickstoff,landwirtschaft,bgdi-bundesgeodaten-infrastruktur,gewasser"
naturlicher-wasserhaushalt-der-ganzen-schweiz-und-bedeutender-grosseinzugsgebiete,Natürlicher Wasserhaushalt der ganzen Schweiz und bedeutender Grosseinzugsgebiete,hydrologie@bafu.admin.ch,,,2024-12-31T00:00:00,,wasser
allgemeine-lage-der-grundwasserstande-und-quellschuttungen,Allgemeine Lage der Grundwasserstände und Quellschüttungen,hydrogeologie@bafu.admin.ch,,2016-09-21T00:00:00,,,"hydrologie,gewasser,bgdi-bundesgeodaten-infrastruktur"
typisierung-der-schweizer-fliessgewasser,Typisierung der Schweizer Fliessgewässer,wasser@bafu.admin.ch,,2013-01-01T00:00:00,,,"bgdi-bundesgeodaten-infrastruktur,aufbewahrungs--und-archivierungsplanung-aap---bund,geobasisdaten,fliessgewasser"
nationales-okologisches-netzwerk-ren-lebensraum-wald,"Nationales ökologisches Netzwerk REN, Lebensraum Wald",bnl@bafu.admin.ch,,,2011-02-14T00:00:00,,"artenvielfalt,zerstorung-des-lebensraums,wald,umwelt,lebensraume-und-biotope,bgdi-bundesgeodaten-infrastruktur"
nationales-okologisches-netzwerk-ren-lebensraum-trockenstandort,"Nationales ökologisches Netzwerk REN, Lebensraum Trockenstandort",bnl@bafu.admin.ch,,,2011-02-14T00:00:00,,"trockengebiet,zerstorung-des-lebensraums,umwelt,artenvielfalt,lebensraume-und-biotope,bgdi-bundesgeodaten-infrastruktur"
nationales-okologisches-netzwerk-ren-lebensraum-extensives-landwirtschaftsgebiet,"Nationales ökologisches Netzwerk REN, Lebensraum Extensives Landwirtschaftsgebiet",bnl@bafu.admin.ch,,,2011-02-14T00:00:00,,"zerstorung-des-lebensraums,okologischer-parameter,artenvielfalt,umwelt,lebensraume-und-biotope,bgdi-bundesgeodaten-infrastruktur"
nationales-okologisches-netzwerk-ren-lebensraum-fliessgewasser-seen,"Nationales ökologisches Netzwerk REN, Lebensraum Fliessgewässer / Seen",bnl@bafu.admin.ch,,,2011-02-14T00:00:00,,"see,artenvielfalt,fliessgewasser,umwelt,zerstorung-des-lebensraums,lebensraume-und-biotope,bgdi-bundesgeodaten-infrastruktur"
bundesinventar-der-moorlandschaften-von-besonderer-schonheit-und-nationaler-bedeutung,Bundesinventar der Moorlandschaften von besonderer Schönheit und nationaler Bedeutung,bnl@bafu.admin.ch,,1996-01-01T00:00:00,2017-11-01T00:00:00,,"geobasisdaten,aufbewahrungs--und-archivierungsplanung-aap---bund,e-geoch,umwelt,schutzgebiete,lebensraume-und-biotope,bgdi-bundesgeodaten-infrastruktur"
grundwasserkorper-der-schweiz,Grundwasserkörper der Schweiz,hydrogeologie@bafu.admin.ch,,2017-04-25T00:00:00,,,"grundwasser,grundwasser,hydrogeologie,umwelt,bgdi-bundesgeodaten-infrastruktur,wasser"
vegetationshohenmodell-lidar-lfi,Vegetationshöhenmodell Lidar LFI,remotesensing@wsl.ch,,2016-10-31T00:00:00,2026-03-05T00:00:00,,"aufbewahrungs--und-archivierungsplanung-aap---bund,bgdi-bundesgeodaten-infrastruktur,geobasisdaten,fise-forest-information-system-for-europe,wald,waldbestand,bgdi-bundesgeodaten-infrastruktur"
vegetationshohenmodell-lfi,Vegetationshöhenmodell LFI,remotesensing@wsl.ch,,2016-10-31T00:00:00,2026-03-05T00:00:00,,"bgdi-bundesgeodaten-infrastruktur,geobasisdaten,fise-forest-information-system-for-europe,aufbewahrungs--und-archivierungsplanung-aap---bund,wald,waldbestand,bgdi-bundesgeodaten-infrastruktur"
invasive-gebietsfremde-pflanzen-potentialkarte-gotterbaum,Invasive gebietsfremde Pflanzen - Potentialkarte Götterbaum,altlasten@bafu.admin.ch,,,2015-04-02T00:00:00,,"umwelt,bgdi-bundesgeodaten-infrastruktur"
invasive-gebietsfremde-pflanzen-potentialkarte-robinie,Invasive gebietsfremde Pflanzen - Potentialkarte Robinie,altlasten@bafu.admin.ch,,,2015-04-02T00:00:00,,"umwelt,bgdi-bundesgeodaten-infrastruktur"
ammoniakkonzentration,Ammoniakkonzentration,chemicals@bafu.admin.ch,,,2022-08-15T00:00:00,,"luft,schadstoff,luftschadstoff,gesundheit-und-sicherheit,atmospharische-bedingungen,bgdi-bundesgeodaten-infrastruktur,e-geoch,aufbewahrungs--und-archivierungsplanung-aap---bund"
invasive-gebietsfremde-pflanzen-potentialkarte-riesenbarenklau,Invasive gebietsfremde Pflanzen - Potentialkarte Riesenbärenklau,altlasten@bafu.admin.ch,,,2015-05-04T00:00:00,,"umwelt,bgdi-bundesgeodaten-infrastruktur"
invasive-gebietsfremde-pflanzen-potentialkarte-karolina-haarnixe,Invasive gebietsfremde Pflanzen - Potentialkarte Karolina-Haarnixe,altlasten@bafu.admin.ch,,,2015-04-02T00:00:00,,"umwelt,bgdi-bundesgeodaten-infrastruktur"
invasive-gebietsfremde-pflanzen-potentialkarte-haargurke,Invasive gebietsfremde Pflanzen - Potentialkarte Haargurke,altlasten@bafu.admin.ch,,,2015-04-02T00:00:00,,"umwelt,bgdi-bundesgeodaten-infrastruktur"
invasive-gebietsfremde-pflanzen-potentialkarte-kaukasus-fettkraut,Invasive gebietsfremde Pflanzen - Potentialkarte Kaukasus-Fettkraut,altlasten@bafu.admin.ch,,,2015-04-02T00:00:00,,"umwelt,bgdi-bundesgeodaten-infrastruktur"
invasive-gebietsfremde-pflanzen-potentialkarte-igelgurke,Invasive gebietsfremde Pflanzen - Potentialkarte Igelgurke,altlasten@bafu.admin.ch,,,2015-04-02T00:00:00,,"umwelt,bgdi-bundesgeodaten-infrastruktur"
invasive-gebietsfremde-pflanzen-potentialkarte-kopoubohne,Invasive gebietsfremde Pflanzen - Potentialkarte Kopoubohne,altlasten@bafu.admin.ch,,,2015-04-02T00:00:00,,"umwelt,bgdi-bundesgeodaten-infrastruktur"
invasive-gebietsfremde-pflanzen-potentialkarte-herbst-traubenkirsche,Invasive gebietsfremde Pflanzen - Potentialkarte Herbst-Traubenkirsche,altlasten@bafu.admin.ch,,,2015-04-02T00:00:00,,"umwelt,bgdi-bundesgeodaten-infrastruktur"
invasive-gebietsfremde-pflanzen-potentialkarte-gewohnliche-jungfernrebe,Invasive gebietsfremde Pflanzen - Potentialkarte Gewöhnliche Jungfernrebe,altlasten@bafu.admin.ch,,,2015-04-02T00:00:00,,"umwelt,bgdi-bundesgeodaten-infrastruktur"
invasive-gebietsfremde-pflanzen-potentialkarte-runzelblattriger-schneeball,Invasive gebietsfremde Pflanzen - Potentialkarte Runzelblättriger Schneeball,altlasten@bafu.admin.ch,,,2015-04-02T00:00:00,,"umwelt,bgdi-bundesgeodaten-infrastruktur"
invasive-gebietsfremde-pflanzen-potentialkarte-amerikanischer-stinktierkohl,Invasive gebietsfremde Pflanzen - Potentialkarte Amerikanischer Stinktierkohl,altlasten@bafu.admin.ch,,,2015-10-08T00:00:00,,"umwelt,bgdi-bundesgeodaten-infrastruktur"
invasive-gebietsfremde-pflanzen-potentialkarte-fortunes-hanfpalme,Invasive gebietsfremde Pflanzen - Potentialkarte Fortunes Hanfpalme,altlasten@bafu.admin.ch,,,2015-04-02T00:00:00,,"umwelt,bgdi-bundesgeodaten-infrastruktur"
invasive-gebietsfremde-pflanzen-potentialkarte-essbares-zypergras,Invasive gebietsfremde Pflanzen - Potentialkarte Essbares Zypergras,altlasten@bafu.admin.ch,,,2015-04-02T00:00:00,,"umwelt,bgdi-bundesgeodaten-infrastruktur"
invasive-gebietsfremde-pflanzen-potentialkarte-einjahriges-berufkraut,Invasive gebietsfremde Pflanzen - Potentialkarte Einjähriges Berufkraut,altlasten@bafu.admin.ch,,,2015-04-02T00:00:00,,"umwelt,bgdi-bundesgeodaten-infrastruktur"
invasive-gebietsfremde-pflanzen-potentialkarte-grosser-wassernabel,Invasive gebietsfremde Pflanzen - Potentialkarte Grosser Wassernabel,altlasten@bafu.admin.ch,,,2015-04-02T00:00:00,,"umwelt,bgdi-bundesgeodaten-infrastruktur"
naqua-quant-messstellen-nationale-grundwasserbeobachtung-naqua,NAQUA-QUANT Messstellen (Nationale Grundwasserbeobachtung NAQUA),hydrogeologie@bafu.admin.ch,,2015-01-30T00:00:00,,,"gewasser,hydrologie,bgdi-bundesgeodaten-infrastruktur"
erdbebenzonen-nach-der-baunorm-sia-261,Erdbebenzonen nach der Baunorm SIA 261,gefahrenpraevention@bafu.admin.ch,,2008-01-01T00:00:00,2026-04-13T00:00:00,,"erdbeben,gefahrenzone,naturrisiko,gebiete-mit-naturbedingten-risiken,bgdi-bundesgeodaten-infrastruktur,gefahrenkarte,aufbewahrungs--und-archivierungsplanung-aap---bund"
klaranlagendatenbank-ara-db-ausbaugrosse-egw,Kläranlagendatenbank (ARA-DB) - Ausbaugrösse (EGW),wasser@bafu.admin.ch,,2014-01-01T00:00:00,,,"gewiss,bgdi-bundesgeodaten-infrastruktur,wasser"
geochemischer-bodenatlas-der-schweiz-cadmium,Geochemischer Bodenatlas der Schweiz: Cadmium,altlasten@bafu.admin.ch,,2023-06-30T00:00:00,,,"schwermetallbelastung,nahrstoffgehalt,biochemie,atlas,toxische-metalle,boden,bodenkartierung,bund,bodenqualitat,bgdi-bundesgeodaten-infrastruktur"
flussordnungszahl-nach-strahler,Flussordnungszahl nach Strahler,wasser@bafu.admin.ch,,2005-01-01T00:00:00,2014-08-06T00:00:00,,"bgdi-bundesgeodaten-infrastruktur,aufbewahrungs--und-archivierungsplanung-aap---bund"
larmbelastung-durch-strassenverkehr-lr_tag,Lärmbelastung durch Strassenverkehr (Lr_Tag),noise@bafu.admin.ch,,2009-01-01T00:00:00,2021-12-31T00:00:00,,"e-geoch,aufbewahrungs--und-archivierungsplanung-aap---bund,geobasisdaten,larmbelastung,larmwirkung,larmimmission,larmpegel,verkehrslarm,larm,larmbekampfung,gesundheit-und-sicherheit,bgdi-bundesgeodaten-infrastruktur"
beurteilung-des-chemischen-gewasserzustandes-gesamt-phosphor,Beurteilung des chemischen Gewässerzustandes: Gesamt-Phosphor,hydrologie@bafu.admin.ch,,2014-03-26T00:00:00,,,"umwelt,bgdi-bundesgeodaten-infrastruktur,fliessgewasser"
aktuelle-gefahrenstufe-trockenheit,Aktuelle Gefahrenstufe Trockenheit,hydrologie@bafu.admin.ch,,2024-11-25T00:00:00,,,"fliessgewasser,landwirtschaft,gewasser,see,niederschlag,hydrologie,bgdi-bundesgeodaten-infrastruktur"
verbreitung-der-steinbockkolonien,Verbreitung der Steinbockkolonien,info@bafu.admin.ch,,1996-01-01T00:00:00,2020-03-31T00:00:00,,"e-geoch,aufbewahrungs--und-archivierungsplanung-aap---bund,geobasisdaten,wildtier,wild,umwelt,habitat,artenschutz,verteilung-der-arten,bgdi-bundesgeodaten-infrastruktur"
schweizerischer-nationalpark-und-parke-von-nationaler-bedeutung-zonierung,Schweizerischer Nationalpark und Pärke von nationaler Bedeutung (Zonierung),bnl@bafu.admin.ch,,,2025-04-30T00:00:00,,"umwelt,schutzgebiete,geobasisdaten,bgdi-bundesgeodaten-infrastruktur"
invasive-gebietsfremde-pflanzen-potentialkarte-essigbaum,Invasive gebietsfremde Pflanzen - Potentialkarte Essigbaum,altlasten@bafu.admin.ch,,,2015-04-02T00:00:00,,"umwelt,bgdi-bundesgeodaten-infrastruktur"
gefahrdungskarte-oberflachenabfluss,Gefährdungskarte Oberflächenabfluss,gefahrenpraevention@bafu.admin.ch,,2018-05-22T00:00:00,2023-02-09T00:00:00,,"oberflachenabfluss,gewitter,uberschwemmung,hochwasser,naturrisikoanalyse,naturgefahr,regen-niederschlag,gefahrenanalyse,naturrisiko,bgdi-bundesgeodaten-infrastruktur"
invasive-gebietsfremde-pflanzen-potentialkarte-blauglockenbaum,Invasive gebietsfremde Pflanzen - Potentialkarte Blauglockenbaum,altlasten@bafu.admin.ch,,,2015-04-02T00:00:00,,"umwelt,bgdi-bundesgeodaten-infrastruktur"
waldmischungsgrad-lfi,Waldmischungsgrad LFI,remotesensing@wsl.ch,,2015-10-31T00:00:00,2023-10-31T00:00:00,,"geobasisdaten,fise-forest-information-system-for-europe,aufbewahrungs--und-archivierungsplanung-aap---bund,bgdi-bundesgeodaten-infrastruktur,laubwald,mischwald,wald,waldbestand,nadelwald,bgdi-bundesgeodaten-infrastruktur"
invasive-gebietsfremde-pflanzen-potentialkarte-nuttalls-wasserpest,Invasive gebietsfremde Pflanzen - Potentialkarte Nuttalls Wasserpest,altlasten@bafu.admin.ch,,,2015-04-02T00:00:00,,"umwelt,bgdi-bundesgeodaten-infrastruktur"
sturmgefahrdung-boenspitzen-mit-wiederkehrperiode-30-jahre,Sturmgefährdung: Böenspitzen mit Wiederkehrperiode 30 Jahre,wald@bafu.admin.ch,,2014-11-07T00:00:00,,,"sturm,wind,luftbewegung,naturrisiko,naturrisikoanalyse,bgdi-bundesgeodaten-infrastruktur"
bestockungskarte-entlang-fliessgewasser-und-seeufer,Bestockungskarte entlang Fliessgewässer und Seeufer,hydrologie@bafu.admin.ch,,,2022-10-07T00:00:00,,"umwelt,umweltuberwachung,bgdi-bundesgeodaten-infrastruktur"
monatliche-erosionsrisikokarten-des-schweizer-dauergrunlands-mittlerer-bodenabtrag-in-tonnen-ha3,"Monatliche Erosionsrisikokarten des Schweizer Dauergrünlands, mittlerer Bodenabtrag in Tonnen/(ha*Monat), März",altlasten@bafu.admin.ch,,2019-04-01T00:00:00,2019-06-27T00:00:00,,"bodenerosion,erosionsschutz,erosion,boden,atmospharische-bedingungen,gesundheit-und-sicherheit,bgdi-bundesgeodaten-infrastruktur,e-geoch,aufbewahrungs--und-archivierungsplanung-aap---bund"
luftbelastung-durch-ozon,Luftbelastung durch Ozon,chemicals@bafu.admin.ch,,2025-01-01T00:00:00,,,"luftschadstoff,luft,atmospharische-bedingungen,gesundheit-und-sicherheit,bgdi-bundesgeodaten-infrastruktur,e-geoch,aufbewahrungs--und-archivierungsplanung-aap---bund"
invasive-gebietsfremde-pflanzen-potentialkarte-drusiges-springkraut,Invasive gebietsfremde Pflanzen - Potentialkarte Drüsiges Springkraut,info@infoflora.ch,,,2015-04-02T00:00:00,,"umwelt,bgdi-bundesgeodaten-infrastruktur"
feinstaub-pm10,Luftbelastung durch Feinstaub PM10,chemicals@bafu.admin.ch,,2025-01-01T00:00:00,2025-08-19T00:00:00,,"luft-atmosphare,luft,luftschadstoff,schadstoff,gesundheit-und-sicherheit,atmospharische-bedingungen,bgdi-bundesgeodaten-infrastruktur,aufbewahrungs--und-archivierungsplanung-aap---bund,e-geoch"
vegetationshohenstufen-modelliert-fur-1975,Vegetationshöhenstufen modelliert für 1975,wslinfo@wsl.ch,,2021-09-09T00:00:00,2021-09-09T00:00:00,,"aufbewahrungs--und-archivierungsplanung-aap---bund,waldokologie,waldbestand,wald,bgdi-bundesgeodaten-infrastruktur"
vegetationshohenstufen-modelliert-fur-2085-mit-weniger-trockener-klimazukunft,Vegetationshöhenstufen modelliert für 2085 mit weniger trockener Klimazukunft,wslinfo@wsl.ch,,2019-02-06T00:00:00,2021-09-16T00:00:00,,"aufbewahrungs--und-archivierungsplanung-aap---bund,wald,waldokologie,waldbestand,bgdi-bundesgeodaten-infrastruktur"
nationales-beobachtungsnetz-fur-luftfremdstoffe-nabel-stationen,Nationales Beobachtungsnetz für Luftfremdstoffe NABEL: Stationen,chemicals@bafu.admin.ch,,1979-01-01T00:00:00,2021-01-01T00:00:00,,"schadstoff,luft,luftschadstoff,atmospharische-bedingungen,bgdi-bundesgeodaten-infrastruktur,aufbewahrungs--und-archivierungsplanung-aap---bund,geobasisdaten,e-geoch"
schweizerischer-nationalpark-und-parke-von-nationaler-bedeutung-perimeter,Schweizerischer Nationalpark und Pärke von nationaler Bedeutung (Perimeter),bnl@bafu.admin.ch,,,2025-04-30T00:00:00,,"umwelt,schutzgebiete,geobasisdaten,bgdi-bundesgeodaten-infrastruktur"
bundesinventar-der-amphibienlaichgebiete-von-nationaler-bedeutung-ortsfeste-objekte,Bundesinventar der Amphibienlaichgebiete von nationaler Bedeutung - Ortsfeste Objekte,bnl@bafu.admin.ch,,2001-01-01T00:00:00,2026-05-20T00:00:00,,"aufbewahrungs--und-archivierungsplanung-aap---bund,geobasisdaten,umwelt,schutzgebiete,lebensraume-und-biotope,bgdi-bundesgeodaten-infrastruktur"
invasive-gebietsfremde-pflanzen-potentialkarte-seidiger-hornstrauch,Invasive gebietsfremde Pflanzen - Potentialkarte Seidiger Hornstrauch,info@infoflora.ch,,,2015-04-02T00:00:00,,"umwelt,bgdi-bundesgeodaten-infrastruktur"
mittlere-hochstwerte-des-tagesganges-der-lufttemperatur-im-juli-periode-1981-2010,"Mittlere Höchstwerte des Tagesganges der Lufttemperatur im Juli, Periode 1981-2010",wald@bafu.admin.ch,,2022-03-09T00:00:00,,,"forstwirtschaft,klima,luft-atmosphare,klima,luft-atmosphare,umweltuberwachung,bgdi-bundesgeodaten-infrastruktur"
bundesinventar-der-landschaften-und-naturdenkmaler-bln,Bundesinventar der Landschaften und Naturdenkmäler (BLN),bnl@bafu.admin.ch,,1977-01-01T00:00:00,2022-11-15T00:00:00,,"e-geoch,aufbewahrungs--und-archivierungsplanung-aap---bund,geobasisdaten,umwelt,schutzgebiete,bgdi-bundesgeodaten-infrastruktur"
flussgebiete-einzugsgebiete,Flussgebiete (Einzugsgebiete),hydrologie@bafu.admin.ch,,,2019-12-01T00:00:00,,bgdi-bundesgeodaten-infrastruktur
alpine-auengebiete-ausserhalb-bundesinventar,Alpine Auengebiete ausserhalb Bundesinventar,bnl@bafu.admin.ch,,,2019-07-04T00:00:00,,"umwelt,lebensraume-und-biotope,schutzgebiete,e-geoch,bgdi-bundesgeodaten-infrastruktur,biotop,gewasserraum"
karte-der-seismischen-baugrundklassen-nach-der-baunorm-sia-261,Karte der seismischen Baugrundklassen nach der Baunorm SIA 261,gefahrenpraevention@bafu.admin.ch,,2008-01-01T00:00:00,2026-03-04T00:00:00,,"mikrozonierung,aufbewahrungs--und-archivierungsplanung-aap---bund,erdbeben,gebiete-mit-naturbedingten-risiken,bgdi-bundesgeodaten-infrastruktur"
niederschlagssumme-april-august-periode-2070-2099-szenario-rcp-8-5,"Niederschlagssumme April-August, Periode 2070-2099, Szenario RCP 8.5",wald@bafu.admin.ch,,2022-03-09T00:00:00,,,"forstwirtschaft,sturmschaden,umweltuberwachung,bgdi-bundesgeodaten-infrastruktur"
wassertemperatur-der-flusse,Wassertemperatur der Flüsse,hydrologie@bafu.admin.ch,,2014-10-30T00:00:00,,,"fliessgewasser,hydrologie,gewasser,bgdi-bundesgeodaten-infrastruktur"
invasive-gebietsfremde-pflanzen-potentialkarte-sachalin-staudenknoterich,Invasive gebietsfremde Pflanzen - Potentialkarte Sachalin-Staudenknöterich,altlasten@bafu.admin.ch,,,2015-04-02T00:00:00,,"umwelt,bgdi-bundesgeodaten-infrastruktur"
monatliche-niederschlagserosivitatskarten-r-faktor-der-schweiz-in-mj-mm-ha-h-monat-juli,"Monatliche Niederschlagserosivitätskarten (R-Faktor) der Schweiz in MJ mm ha⁻¹ h⁻¹ Monat⁻¹, Juli",altlasten@bafu.admin.ch,,2019-10-02T00:00:00,2020-02-27T00:00:00,,"bodenerosion,erosionsschutz,erosion,niederschlagserhohung,boden,bgdi-bundesgeodaten-infrastruktur,aufbewahrungs--und-archivierungsplanung-aap---bund,e-geoch"
hydrogeologische-karte-der-schweiz-1-100000,Hydrogeologische Karte der Schweiz 1:100000,hydrogeologie@bafu.admin.ch,,1972-01-01T00:00:00,2014-12-31T00:00:00,,"grundwassertrager,hydrogeologie,grundwasser,bgdi-bundesgeodaten-infrastruktur,aufbewahrungs--und-archivierungsplanung-aap---bund,geobasisdaten"
thermische-kontinentalitat-auf-1000-m-u-m-im-juli-periode-1981-2010,"Thermische Kontinentalität auf 1000 m ü. M. im Juli, Periode 1981-2010",wald@bafu.admin.ch,,2022-03-09T00:00:00,,,"forstwirtschaft,sturmschaden,umweltuberwachung,bgdi-bundesgeodaten-infrastruktur"
messstationen-der-hydrologischen-untersuchungsgebiete,Messstationen der hydrologischen Untersuchungsgebiete,hydrologie@bafu.admin.ch,,2013-01-01T00:00:00,2016-07-27T00:00:00,,"gewiss,gewasser,bgdi-bundesgeodaten-infrastruktur"
diffuse-geloste-phosphoreintrage-in-die-gewasser-modellierte-werte,"Diffuse gelöste Phosphoreinträge in die Gewässer, modellierte Werte",wasser@bafu.admin.ch,,2015-06-01T00:00:00,2023-01-01T00:00:00,,"phosphor,umwelt,bgdi-bundesgeodaten-infrastruktur,gewasser"
schadstofffreisetzungs-und-transferregister-der-schweiz-swissprtr,Schadstofffreisetzungs- und -transferregister der Schweiz (SwissPRTR),chemicals@bafu.admin.ch,,2007-01-01T00:00:00,2025-07-09T00:00:00,,"e-geoch,geobasisdaten,aufbewahrungs--und-archivierungsplanung-aap---bund,abfallbeseitigung,schadstoffquelle,abfallrecycling,schadstoff,chemikalien,sonderabfall,emittent,produktions--und-industrieanlagen,gesundheit-und-sicherheit,bgdi-bundesgeodaten-infrastruktur"
invasive-gebietsfremde-pflanzen-potentialkarte-balfours-springkraut,Invasive gebietsfremde Pflanzen - Potentialkarte Balfours Springkraut,altlasten@bafu.admin.ch,,,2015-04-02T00:00:00,,"umwelt,bgdi-bundesgeodaten-infrastruktur"
niederschlagssumme-april-august-periode-2070-2099-szenario-rcp-4-5,"Niederschlagssumme April-August, Periode 2070-2099, Szenario RCP 4.5",wald@bafu.admin.ch,,2022-03-09T00:00:00,,,"forstwirtschaft,sturmschaden,umweltuberwachung,bgdi-bundesgeodaten-infrastruktur"
uberschreitung-der-kritischen-eintragsgrenzen-critical-loads-fur-stickstoff,Überschreitung der kritischen Eintragsgrenzen (Critical Loads) für Stickstoff,chemicals@bafu.admin.ch,,,2022-08-15T00:00:00,,"luft,luftschadstoff,schadstoff,atmospharische-bedingungen,gesundheit-und-sicherheit,bgdi-bundesgeodaten-infrastruktur,e-geoch,aufbewahrungs--und-archivierungsplanung-aap---bund"
schutzgebiete-der-zivilen-luftfahrthindernispublikation-moorlandschaften,Schutzgebiete der zivilen Luftfahrthindernispublikation - Moorlandschaften,bnl@bafu.admin.ch,,,2017-11-01T00:00:00,,"schutzgebiete,luftfahrthindernis,luftfahrt,bgdi-bundesgeodaten-infrastruktur"
geochemischer-bodenatlas-der-schweiz-calcium,Geochemischer Bodenatlas der Schweiz: Calcium,altlasten@bafu.admin.ch,,2023-06-30T00:00:00,,,"geographie,schwermetallbelastung,toxische-metalle,interpolation,boden,atlas,boden,boden,bodenkartierung,bgdi-bundesgeodaten-infrastruktur,bund,bodenqualitat"
messstandorte-gewasserzustand-ch,Messstandorte Gewässerzustand CH,hydrologie@bafu.admin.ch,,2013-03-01T00:00:00,,,"umwelt,gesundheit-und-sicherheit,umweltuberwachung,bgdi-bundesgeodaten-infrastruktur,wasser"
luftbelastung-durch-feinstaub-pm2-5,Luftbelastung durch Feinstaub PM2.5,chemicals@bafu.admin.ch,,2025-01-01T00:00:00,,,"schadstoff,luft,luftschadstoff,atmospharische-bedingungen,gesundheit-und-sicherheit,bgdi-bundesgeodaten-infrastruktur,e-geoch,aufbewahrungs--und-archivierungsplanung-aap---bund"
liste-und-karte-der-pkd-vorkommen-fischkrankheit-pkd,Liste und Karte der PKD-Vorkommen (Fischkrankheit PKD),wasser@bafu.admin.ch,,,2014-01-20T00:00:00,,"fischkrankheit,artenschutz,fisch,fauna,umweltuberwachung,bgdi-bundesgeodaten-infrastruktur,wasser"
biospharenreservate,Biosphärenreservate,bnl@bafu.admin.ch,,2017-01-01T00:00:00,,,"biosphare,schutzgebiet,biospharenreservat,lebensraume-und-biotope,umweltuberwachung,bgdi-bundesgeodaten-infrastruktur"
invasive-gebietsfremde-pflanzen-potentialkarte-syrische-seidenpflanze,Invasive gebietsfremde Pflanzen - Potentialkarte Syrische Seidenpflanze,altlasten@bafu.admin.ch,,,2015-04-02T00:00:00,,"umwelt,bgdi-bundesgeodaten-infrastruktur"
invasive-gebietsfremde-pflanzen-potentialkarte-armenische-brombeere,Invasive gebietsfremde Pflanzen - Potentialkarte Armenische Brombeere,altlasten@bafu.admin.ch,,,2015-04-02T00:00:00,,"umwelt,bgdi-bundesgeodaten-infrastruktur"
aschenpopulationen-von-nationaler-bedeutung-kernzonen,Äschenpopulationen von nationaler Bedeutung: Kernzonen,wasser@bafu.admin.ch,,,2011-08-29T00:00:00,,"umwelt,lebensraume-und-biotope,bgdi-bundesgeodaten-infrastruktur"
tranquillity-gebiete,Tranquillity Gebiete,bnl@bafu.admin.ch,,2022-02-10T00:00:00,,,"umwelt,lebensraume-und-biotope,schutzgebiete,erholungsanlage,gewasserraum,bgdi-bundesgeodaten-infrastruktur,ruhe"
sturmgefahrdung-staudruck-mit-wiederkehrperiode-300-jahre,Sturmgefährdung: Staudruck mit Wiederkehrperiode 300 Jahre,wald@bafu.admin.ch,,2014-11-07T00:00:00,,,"naturrisiko,naturrisikoanalyse,luftbewegung,wind,sturm,bgdi-bundesgeodaten-infrastruktur"
geochemischer-bodenatlas-der-schweiz-schwefel,Geochemischer Bodenatlas der Schweiz: Schwefel,altlasten@bafu.admin.ch,,2023-06-30T00:00:00,,,"boden,atlas,interpolation,toxische-metalle,biogeochemie,schwermetall,bodenkartierung,bgdi-bundesgeodaten-infrastruktur,bund,bodeneigenschaften"
smaragd-gebiete,Smaragd Gebiete,bnl@bafu.admin.ch,,2009-09-17T00:00:00,,,"biotop,lebensraume-und-biotope,schutzgebiete,bgdi-bundesgeodaten-infrastruktur"
schweizerischer-nationalpark,"Schweizerischer Nationalpark, Nationalparkgrenze korrigiert",bnl@bafu.admin.ch,,1990-01-01T00:00:00,2001-01-17T00:00:00,,"aufbewahrungs--und-archivierungsplanung-aap---bund,geobasisdaten,e-geoch,landschaft,umwelt,schutzgebiete,bgdi-bundesgeodaten-infrastruktur"
invasive-gebietsfremde-pflanzen-potentialkarte-carolina-nachtschatten,Invasive gebietsfremde Pflanzen - Potentialkarte Carolina-Nachtschatten,altlasten@bafu.admin.ch,,,2015-04-02T00:00:00,,"umwelt,bgdi-bundesgeodaten-infrastruktur"
bundesinventar-der-trockenwiesen-und-weiden-von-nationaler-bedeutung-anhang-2,Bundesinventar der Trockenwiesen und -weiden von nationaler Bedeutung - Anhang 2,bnl@bafu.admin.ch,,,2025-12-01T00:00:00,,"inventar,biotop,trockengebiet,schutzgebiete,lebensraume-und-biotope,bgdi-bundesgeodaten-infrastruktur,bundesinventar,biodiversitat"
larmbelastung-durch-eisenbahnverkehr-lr_nacht,Lärmbelastung durch Eisenbahnverkehr (Lr_Nacht),noise@bafu.admin.ch,,2009-01-01T00:00:00,2021-12-31T00:00:00,,"e-geoch,geobasisdaten,aufbewahrungs--und-archivierungsplanung-aap---bund,larmpegel,larmbelastung,larmbekampfung,verkehrslarm,larm,larmwirkung,larmimmission,gesundheit-und-sicherheit,bgdi-bundesgeodaten-infrastruktur"
bundesinventar-der-wasser-und-zugvogelreservate-von-internationaler-und-nationaler-bedeutung,Bundesinventar der Wasser- und Zugvogelreservate von internationaler und nationaler Bedeutung,bnl@bafu.admin.ch,,1991-01-01T00:00:00,2023-07-01T00:00:00,,"e-geoch,geobasisdaten,aufbewahrungs--und-archivierungsplanung-aap---bund,zugvogel,wasservogel,umwelt,schutzgebiete,lebensraume-und-biotope,bgdi-bundesgeodaten-infrastruktur"
amphibienwanderungen-mit-verkehrskonflikten,Amphibienwanderungen mit Verkehrskonflikten,bnl@bafu.admin.ch,,,2024-09-02T00:00:00,,"verkehr,umwelt,amphibien,uberquerung-fur-tiere,verkehrsnetze,lebensraume-und-biotope,bgdi-bundesgeodaten-infrastruktur"
nationales-okologisches-netzwerk-ren-lebensraum-feuchtgebiet,"Nationales ökologisches Netzwerk REN, Lebensraum Feuchtgebiet",bnl@bafu.admin.ch,,,2011-02-14T00:00:00,,"zerstorung-des-lebensraums,feuchtgebiet,umwelt,artenvielfalt,lebensraume-und-biotope,bgdi-bundesgeodaten-infrastruktur"
luftbelastung-durch-stickstoffdioxid,Luftbelastung durch Stickstoffdioxid,chemicals@bafu.admin.ch,,2025-01-01T00:00:00,,,"schadstoff,luftschadstoff,luft,atmospharische-bedingungen,gesundheit-und-sicherheit,bgdi-bundesgeodaten-infrastruktur,aufbewahrungs--und-archivierungsplanung-aap---bund,e-geoch"
invasive-gebietsfremde-pflanzen-potentialkarte-gestreiftes-sussgras,Invasive gebietsfremde Pflanzen - Potentialkarte Gestreiftes Süssgras,altlasten@bafu.admin.ch,,,2015-04-02T00:00:00,,"umwelt,bgdi-bundesgeodaten-infrastruktur"
niederschlagssumme-juni-august-periode-2070-2099-szenario-rcp-2-6,"Niederschlagssumme Juni-August, Periode 2070-2099, Szenario RCP 2.6",wald@bafu.admin.ch,,2022-03-09T00:00:00,,,"forstwirtschaft,sturmschaden,umweltuberwachung,bgdi-bundesgeodaten-infrastruktur"
monatliche-erosionsrisikokarten-des-schweizer-dauergrunlands-mittlerer-bodenabtrag-in-tonnen-ha11,"Monatliche Erosionsrisikokarten des Schweizer Dauergrünlands, mittlerer Bodenabtrag in Tonnen/(ha*Monat), Dezember",altlasten@bafu.admin.ch,,2019-04-01T00:00:00,2019-06-27T00:00:00,,"bodenerosion,erosionsschutz,erosion,boden,atmospharische-bedingungen,gesundheit-und-sicherheit,bgdi-bundesgeodaten-infrastruktur,aufbewahrungs--und-archivierungsplanung-aap---bund,e-geoch"
geochemischer-bodenatlas-der-schweiz-quecksilber,Geochemischer Bodenatlas der Schweiz: Quecksilber,altlasten@bafu.admin.ch,,2023-06-30T00:00:00,,,"boden,boden,atlas,biogeochemie,schwermetall,interpolation,toxische-metalle,bodenkartierung,bodenqualitat,bund,bgdi-bundesgeodaten-infrastruktur"
sturmgefahrdung,Sturmgefährdung,wald@bafu.admin.ch,,2014-11-07T00:00:00,,,"naturrisikoanalyse,naturrisiko,luftbewegung,sturm,wind,bgdi-bundesgeodaten-infrastruktur"
geochemischer-bodenatlas-der-schweiz-natrium,Geochemischer Bodenatlas der Schweiz: Natrium,altlasten@bafu.admin.ch,,2023-06-30T00:00:00,,,"boden,metall,interpolation,biogeochemie,atlas,bodeneigenschaften,bund,bgdi-bundesgeodaten-infrastruktur,bodenkartierung"
restwasserkarte-schweiz-zuleitung,Restwasserkarte Schweiz: Zuleitung,wasser@bafu.admin.ch,,,2004-01-01T00:00:00,,"umwelt,umweltuberwachung,bgdi-bundesgeodaten-infrastruktur"
invasive-gebietsfremde-pflanzen-potentialkarte-kanadische-wasserpest,Invasive gebietsfremde Pflanzen - Potentialkarte Kanadische Wasserpest,altlasten@bafu.admin.ch,,,2015-04-02T00:00:00,,"umwelt,bgdi-bundesgeodaten-infrastruktur"
invasive-gebietsfremde-pflanzen-potentialkarte-mahonie,Invasive gebietsfremde Pflanzen - Potentialkarte Mahonie,altlasten@bafu.admin.ch,,,2015-10-08T00:00:00,,"umwelt,bgdi-bundesgeodaten-infrastruktur"
monatliche-niederschlagserosivitatskarten-r-faktor-der-schweiz-in-mj-mm-ha-h-monat-dezember,"Monatliche Niederschlagserosivitätskarten (R-Faktor) der Schweiz in MJ mm ha⁻¹ h⁻¹ Monat⁻¹, Dezember",altlasten@bafu.admin.ch,,2019-10-02T00:00:00,2020-02-27T00:00:00,,"niederschlagserhohung,bodenerosion,erosionsschutz,erosion,boden,bgdi-bundesgeodaten-infrastruktur,aufbewahrungs--und-archivierungsplanung-aap---bund,e-geoch"
geochemischer-bodenatlas-der-schweiz-vanadium,Geochemischer Bodenatlas der Schweiz: Vanadium,altlasten@bafu.admin.ch,,2023-06-30T00:00:00,,,"boden,umweltanalyse,interpolation,schwermetallbelastung,bodenbelastung,biogeochemie,toxische-metalle,boden,boden,bodenkartierung,bund,bodenqualitat,bgdi-bundesgeodaten-infrastruktur"
tranquillity-map,Tranquillity Map,bnl@bafu.admin.ch,,2021-08-24T00:00:00,,,"naturliche-lebensraume-landschaft-okosysteme,bgdi-bundesgeodaten-infrastruktur,freizeitanlage,grunzone,ruhe"
uberschwemmungsgebiete-aquaprotect-wiederkehrperiode-250-jahre,Überschwemmungsgebiete Aquaprotect: Wiederkehrperiode 250 Jahre,gefahrenpraevention@bafu.admin.ch,,2008-12-18T00:00:00,,,"naturrisikoanalyse,naturgefahr,naturrisiko,gebiete-mit-naturbedingten-risiken,bgdi-bundesgeodaten-infrastruktur"
geochemischer-bodenatlas-der-schweiz-blei,Geochemischer Bodenatlas der Schweiz: Blei,altlasten@bafu.admin.ch,,2023-06-30T00:00:00,,,"boden,boden,schwermetallbelastung,atlas,atlas,toxische-metalle,toxische-metalle,interpolation,interpolation,biogeochemie,biogeochemie,bund,bodenkartierung,bodeneigenschaften,bgdi-bundesgeodaten-infrastruktur"
bilanzgebiete-einzugsgebiete-hades,Bilanzgebiete (Einzugsgebiete) HADES,hydrologie@bafu.admin.ch,,2004-01-01T00:00:00,,,"gewasser,bgdi-bundesgeodaten-infrastruktur,gewiss"
kantonale-und-private-messstationen-hades-5-1-2,Kantonale und private Messstationen (HADES 5.1.2),hydrologie@bafu.admin.ch,,2003-01-01T00:00:00,,,"bgdi-bundesgeodaten-infrastruktur,gewasser,gewiss"
geochemischer-bodenatlas-der-schweiz-cobalt,Geochemischer Bodenatlas der Schweiz: Cobalt,altlasten@bafu.admin.ch,,2023-06-30T00:00:00,,,"boden,boden,schwermetall,toxische-metalle,interpolation,atlas,biogeochemie,bund,bodenkartierung,bgdi-bundesgeodaten-infrastruktur,bodeneigenschaften"
allgemeine-lage-der-fliessgewasser-und-seen,Allgemeine Lage der Fliessgewässer und Seen,hydrologie@bafu.admin.ch,,2014-10-30T00:00:00,,,"gewasser,see,fliessgewasser,hydrologie,bgdi-bundesgeodaten-infrastruktur"
vergleich-von-abfluss-und-pegeldaten-mit-den-gefahrenstufen,Vergleich von Abfluss- und Pegeldaten mit den Gefahrenstufen,hydrologie@bafu.admin.ch,,2014-10-30T00:00:00,,,"see,hydrologie,gewasser,fliessgewasser,bgdi-bundesgeodaten-infrastruktur"
geochemischer-bodenatlas-der-schweiz-antimon,Geochemischer Bodenatlas der Schweiz: Antimon,altlasten@bafu.admin.ch,,2023-06-30T00:00:00,,,"boden,interpolation,atlas,schwermetallbelastung,toxische-metalle,biogeochemie,bodenkartierung,bodeneigenschaften,bund,bgdi-bundesgeodaten-infrastruktur"
monatliche-erosionsrisikokarten-des-schweizer-dauergrunlands-mittlerer-bodenabtrag-in-tonnen-ha10,"Monatliche Erosionsrisikokarten des Schweizer Dauergrünlands, mittlerer Bodenabtrag in Tonnen/(ha*Monat), November",altlasten@bafu.admin.ch,,2019-04-01T00:00:00,2019-06-27T00:00:00,,"bodenerosion,erosion,boden,erosionsschutz,gesundheit-und-sicherheit,atmospharische-bedingungen,bgdi-bundesgeodaten-infrastruktur,e-geoch,aufbewahrungs--und-archivierungsplanung-aap---bund"
uberschwemmungsgebiete-aquaprotect-wiederkehrperiode-500-jahre,Überschwemmungsgebiete Aquaprotect: Wiederkehrperiode 500 Jahre,gefahrenpraevention@bafu.admin.ch,,2008-12-18T00:00:00,,,"naturrisikoanalyse,naturgefahr,naturrisiko,gebiete-mit-naturbedingten-risiken,bgdi-bundesgeodaten-infrastruktur"
mittlere-abflusse-m-s-und-abflussregimetyp-fur-das-gewassernetz-der-schweiz,Mittlere Abflüsse (m³/s) und Abflussregimetyp für das Gewässernetz der Schweiz,hydrologie@bafu.admin.ch,,2000-12-31T00:00:00,,,"wasser,gewasser,bgdi-bundesgeodaten-infrastruktur,gewiss"
hqstat-hochwasserstatistik,HQStat Hochwasserstatistik,hydrologie@bafu.admin.ch,,2014-01-01T00:00:00,,,"gewiss,gewasser,bgdi-bundesgeodaten-infrastruktur"
monatliche-niederschlagserosivitatskarten-r-faktor-der-schweiz-in-mj-mm-ha-h-monat-oktober,"Monatliche Niederschlagserosivitätskarten (R-Faktor) der Schweiz in MJ mm ha⁻¹ h⁻¹ Monat⁻¹, Oktober",altlasten@bafu.admin.ch,,2019-10-02T00:00:00,2020-02-27T00:00:00,,"erosion,niederschlagserhohung,bodenerosion,erosionsschutz,boden,bgdi-bundesgeodaten-infrastruktur,aufbewahrungs--und-archivierungsplanung-aap---bund,e-geoch"
krebspest-nachweis-in-der-schweiz,Krebspest - Nachweis in der Schweiz,wasser@bafu.admin.ch,,2011-01-12T00:00:00,,,"tierkrankheit,artenschutz,fauna,fisch,fischerei,wasser,umweltuberwachung,bgdi-bundesgeodaten-infrastruktur"
messstationen-wassertemperatur,Messstationen Wassertemperatur,hydrologie@bafu.admin.ch,,,2017-10-01T00:00:00,,"umwelt,umweltuberwachung,gesundheit-und-sicherheit,bgdi-bundesgeodaten-infrastruktur"
alpweiden-geschutzt-durch-herdenschutzhunde,Alpweiden geschützt durch Herdenschutzhunde,bnl@bafu.admin.ch,,2020-05-12T01:25:00,2026-05-18T00:00:00,,bgdi-bundesgeodaten-infrastruktur
nationale-daueruntersuchung-der-schweizerischen-fliessgewasser-naduf-standorte-der-messstatione,Nationale Daueruntersuchung der schweizerischen Fliessgewässer (NADUF) - Standorte der Messstationen,hydrologie@bafu.admin.ch,,,2022-12-07T00:00:00,,"geobasisdaten,gewiss,aufbewahrungs--und-archivierungsplanung-aap---bund,gewasser,bgdi-bundesgeodaten-infrastruktur"
larmbelastung-durch-strassenverkehr-lr_nacht,Lärmbelastung durch Strassenverkehr (Lr_Nacht),noise@bafu.admin.ch,,2009-01-01T00:00:00,2021-12-31T00:00:00,,"aufbewahrungs--und-archivierungsplanung-aap---bund,geobasisdaten,e-geoch,larmimmission,larm,larmpegel,larmbekampfung,verkehrslarm,larmbelastung,larmwirkung,gesundheit-und-sicherheit,bgdi-bundesgeodaten-infrastruktur"
wildtierpassagen,Wildtierpassagen der Schweiz,bnl@bafu.admin.ch,,2023-08-23T00:00:00,,,"wildtier,umwelt,fauna,umweltuberwachung,biotopverbund,bgdi-bundesgeodaten-infrastruktur"
monatliche-erosionsrisikokarten-des-schweizer-dauergrunlands-mittlerer-bodenabtrag-in-tonnen-ha4,"Monatliche Erosionsrisikokarten des Schweizer Dauergrünlands, mittlerer Bodenabtrag in Tonnen/(ha*Monat), Januar",altlasten@bafu.admin.ch,,2019-04-01T00:00:00,2019-06-27T00:00:00,,"bodenerosion,erosion,erosionsschutz,boden,atmospharische-bedingungen,gesundheit-und-sicherheit,bgdi-bundesgeodaten-infrastruktur,aufbewahrungs--und-archivierungsplanung-aap---bund,e-geoch"
wasserverfugbarkeit-im-boden,Wasserverfügbarkeit im Boden (Standortwasserbilanz),wald@bafu.admin.ch,,2019-02-06T00:00:00,2019-02-06T00:00:00,,"aufbewahrungs--und-archivierungsplanung-aap---bund,waldokologie,wald,waldbestand,bgdi-bundesgeodaten-infrastruktur"
klaranlagendatenbank-ara-db-reinigungstyp,Kläranlagendatenbank (ARA-DB) - Reinigungstyp,wasser@bafu.admin.ch,,2014-01-01T00:00:00,,,"gewiss,bgdi-bundesgeodaten-infrastruktur,wasser"
invasive-gebietsfremde-pflanzen-potentialkarte-schmetterlingsstrauch,Invasive gebietsfremde Pflanzen - Potentialkarte Schmetterlingsstrauch,altlasten@bafu.admin.ch,,,2015-04-02T00:00:00,,"umwelt,bgdi-bundesgeodaten-infrastruktur"
wirtschaftsregionen-lfi,Wirtschaftsregionen LFI,wslinfo@wsl.ch,,,2020-11-16T00:00:00,,"aufbewahrungs--und-archivierungsplanung-aap---bund,geobasisdaten,waldbestand,wald,bgdi-bundesgeodaten-infrastruktur"
perimeter-der-vorhandenen-spektralen-mikrozonierungsstudien,Perimeter der vorhandenen spektralen Mikrozonierungsstudien,gefahrenpraevention@bafu.admin.ch,,2008-01-01T00:00:00,2023-06-09T00:00:00,,"aufbewahrungs--und-archivierungsplanung-aap---bund,erdbeben,gebiete-mit-naturbedingten-risiken,bgdi-bundesgeodaten-infrastruktur"
dokutool-zukunftsbaumarten,DokuTool Zukunftsbaumarten,info@gebirgswald.ch,,2024-11-24T00:00:00,,,"wald,erdbeobachtung,umwelt,wms,schutzwald"
kartierung-der-auengebiete-von-nationaler-bedeutung,Kartierung der Auengebiete von nationaler Bedeutung,bnl@bafu.admin.ch,,1992-01-01T00:00:00,2026-05-01T00:00:00,,"aufbewahrungs--und-archivierungsplanung-aap---bund,e-geoch,umwelt,lebensraume-und-biotope,schutzgebiete,bgdi-bundesgeodaten-infrastruktur"
auengebiete-ausserhalb-bundesinventar,Auengebiete ausserhalb Bundesinventar,bnl@bafu.admin.ch,,,2017-11-01T00:00:00,,"umwelt,lebensraume-und-biotope,schutzgebiete,e-geoch,biodiversitat,bundesinventar,bgdi-bundesgeodaten-infrastruktur,biodiversitat,bundesinventar,lufthygiene"
restwasserkarte-schweiz-wasserentnahme,Restwasserkarte Schweiz: Wasserentnahme,wasser@bafu.admin.ch,,,2004-01-01T00:00:00,,"umwelt,umweltuberwachung,bgdi-bundesgeodaten-infrastruktur,geobasisdaten"
bundesinventar-der-auengebiete-von-nationaler-bedeutung,Bundesinventar der Auengebiete von nationaler Bedeutung,bnl@bafu.admin.ch,,1992-01-01T00:00:00,2017-11-01T00:00:00,,"biodiversitat,e-geoch,aufbewahrungs--und-archivierungsplanung-aap---bund,geobasisdaten,umwelt,schutzgebiete,lebensraume-und-biotope,bgdi-bundesgeodaten-infrastruktur"
invasive-gebietsfremde-pflanzen-potentialkarte-auslauferbildendes-fettkraut,Invasive gebietsfremde Pflanzen - Potentialkarte Ausläuferbildendes Fettkraut,altlasten@bafu.admin.ch,,,2015-04-02T00:00:00,,"umwelt,bgdi-bundesgeodaten-infrastruktur"
beurteilung-des-biologischen-gewasserzustandes-wasserpflanzen-makrophyten,Beurteilung des biologischen Gewässerzustandes: Wasserpflanzen (Makrophyten),wasser@bafu.admin.ch,,2014-03-26T00:00:00,,,"umwelt,bgdi-bundesgeodaten-infrastruktur,fliessgewasser"
invasive-gebietsfremde-pflanzen-potentialkarte-verlotscher-beifuss,Invasive gebietsfremde Pflanzen - Potentialkarte Verlotscher Beifuss,info@infoflora.ch,,,2015-04-02T00:00:00,,"umwelt,bgdi-bundesgeodaten-infrastruktur"
hochwasserwarnkarte,Hochwasserwarnkarte,hydrologie@bafu.admin.ch,,2014-11-05T00:00:00,,,"hochwasser,fliessgewasser,hydrologie,see,naturgefahr,gewasser,bgdi-bundesgeodaten-infrastruktur"
beurteilung-des-biologischen-gewasserzustandes-makrozoobenthos,Beurteilung des biologischen Gewässerzustandes: Makrozoobenthos,wasser@bafu.admin.ch,,2014-03-26T00:00:00,,,"umwelt,bgdi-bundesgeodaten-infrastruktur,fliessgewasser"
biogeographische-regionen-der-schweiz-ch,Biogeographische Regionen der Schweiz (CH),bnl@bafu.admin.ch,,2001-01-01T00:00:00,2020-09-01T00:00:00,,"aufbewahrungs--und-archivierungsplanung-aap---bund,fauna,flora,naturschutz,biogeografische-regionen,bgdi-bundesgeodaten-infrastruktur"
topographische-einzugsgebiete-der-schweizer-gewasser-vorfluter,Topographische Einzugsgebiete Schweizer Gewässer: Vorfluterabschnitte,hydrologie@bafu.admin.ch,,2010-07-01T00:00:00,,,"gewassernetz,geobasisdaten,bgdi-bundesgeodaten-infrastruktur"
lebensraumkarte-der-schweiz,Lebensraumkarte der Schweiz (WSL) v1.2,bnl@bafu.admin.ch,,,,,bgdi-bundesgeodaten-infrastruktur
schutzgebiete-der-zivilen-luftfahrthindernispublikation-jagdbanngebiete,Schutzgebiete der zivilen Luftfahrthindernispublikation - Jagdbanngebiete,bnl@bafu.admin.ch,,,2023-07-01T00:00:00,,"schutzgebiete,luftfahrthindernis,luftfahrt,bgdi-bundesgeodaten-infrastruktur"
vegetationshohenmodell-sentinel-lfi,Vegetationshöhenmodell Sentinel LFI,remotesensing@wsl.ch,,2016-10-31T00:00:00,2026-03-05T00:00:00,,"bgdi-bundesgeodaten-infrastruktur,geobasisdaten,fise-forest-information-system-for-europe,aufbewahrungs--und-archivierungsplanung-aap---bund,wald,waldbestand,bgdi-bundesgeodaten-infrastruktur"
bundesinventar-der-trockenwiesen-und-weiden-von-nationaler-bedeutung-tww,Bundesinventar der Trockenwiesen und -weiden von nationaler Bedeutung (TWW),bnl@bafu.admin.ch,,2020-12-10T00:00:00,2025-12-01T00:00:00,,"aufbewahrungs--und-archivierungsplanung-aap---bund,geobasisdaten,biotop,trockengebiet,inventar,schutzgebiete,lebensraume-und-biotope,bgdi-bundesgeodaten-infrastruktur"
aktuelle-lage-trockenheit-in-der-schweiz,Aktuelle Lage Trockenheit in der Schweiz,hydrologie@bafu.admin.ch,,2024-11-25T00:00:00,,,"landwirtschaft,see,niederschlag,gewasser,hydrologie,fliessgewasser,bgdi-bundesgeodaten-infrastruktur"
monatliche-erosionsrisikokarten-des-schweizer-dauergrunlands-mittlerer-bodenabtrag-in-tonnen-ha9,"Monatliche Erosionsrisikokarten des Schweizer Dauergrünlands, mittlerer Bodenabtrag in Tonnen/(ha*Monat), Juli",altlasten@bafu.admin.ch,,2019-04-01T00:00:00,2019-06-27T00:00:00,,"erosion,erosionsschutz,bodenerosion,boden,gesundheit-und-sicherheit,atmospharische-bedingungen,bgdi-bundesgeodaten-infrastruktur,aufbewahrungs--und-archivierungsplanung-aap---bund,e-geoch"
bundesinventar-der-flachmoore-von-nationaler-bedeutung,Bundesinventar der Flachmoore von nationaler Bedeutung,bnl@bafu.admin.ch,,1994-01-01T00:00:00,2025-12-01T00:00:00,,"geobasisdaten,aufbewahrungs--und-archivierungsplanung-aap---bund,e-geoch,umwelt,schutzgebiete,lebensraume-und-biotope,bgdi-bundesgeodaten-infrastruktur"
invasive-gebietsfremde-pflanzen-potentialkarte-essbare-kermesbeere,Invasive gebietsfremde Pflanzen - Potentialkarte Essbare Kermesbeere,altlasten@bafu.admin.ch,,,2015-04-02T00:00:00,,"umwelt,bgdi-bundesgeodaten-infrastruktur"
uberschwemmungsgebiete-aquaprotect-wiederkehrperiode-100-jahre,Überschwemmungsgebiete Aquaprotect: Wiederkehrperiode 100 Jahre,gefahrenpraevention@bafu.admin.ch,,2008-12-18T00:00:00,,,"naturgefahr,naturrisikoanalyse,naturrisiko,gebiete-mit-naturbedingten-risiken,bgdi-bundesgeodaten-infrastruktur"
basismessnetz-oberflachengewasser,Basismessnetz Oberflächengewässer,hydrologie@bafu.admin.ch,,,2019-12-31T00:00:00,,"umwelt,umweltuberwachung,bgdi-bundesgeodaten-infrastruktur"
larmbelastung-durch-eisenbahnverkehr-lr_tag,Lärmbelastung durch Eisenbahnverkehr (Lr_Tag),noise@bafu.admin.ch,,2009-01-01T00:00:00,2021-12-31T00:00:00,,"e-geoch,geobasisdaten,aufbewahrungs--und-archivierungsplanung-aap---bund,verkehrslarm,larmpegel,larmimmission,larmbelastung,larmwirkung,larmbekampfung,larm,gesundheit-und-sicherheit,bgdi-bundesgeodaten-infrastruktur"
pro-natura-naturschutzgebiete,Pro Natura Naturschutzgebiete,mailbox@pronatura.ch,,,2026-05-06T00:00:00,,"umwelt,bgdi-bundesgeodaten-infrastruktur"
schatzung-der-direkten-co-emissionen-aufgrund-des-warmebedarfs-gemass-sia-norm-380-1-2016,Schätzung der direkten CO₂-Emissionen aufgrund des Wärmebedarfs gemäss SIA -Norm 380/1 (2016),gis@bafu.admin.ch,,2022-09-09T00:00:00,,,"umwelt,bgdi-bundesgeodaten-infrastruktur,klima"
thermische-kontinentalitat-auf-1000-m-u-m-im-jahr-periode-1981-2010,"Thermische Kontinentalität auf 1000 m ü. M. im Jahr, Periode 1981-2010",wald@bafu.admin.ch,,2022-03-09T00:00:00,,,"forstwirtschaft,sturmschaden,umweltuberwachung,bgdi-bundesgeodaten-infrastruktur"
einzugsgebietseinheiten-in-karstgebieten,Einzugsgebietseinheiten in Karstgebieten,hydrogeologie@bafu.admin.ch,,2016-03-01T00:00:00,,,"hydrogeologie,umwelt,karstgebiet,quelle,grundwasser"
niederschlagssumme-april-august-periode-2070-2099-szenario-rcp-2-6,"Niederschlagssumme April-August, Periode 2070-2099, Szenario RCP 2.6",wald@bafu.admin.ch,,2022-03-09T00:00:00,,,"forstwirtschaft,sturmschaden,umweltuberwachung,bgdi-bundesgeodaten-infrastruktur"
basisgebiete-einzugsgebiete-hades,Basisgebiete (Einzugsgebiete) HADES,hydrologie@bafu.admin.ch,,2004-01-01T00:00:00,,,"hydrologie,atlas,gewasser,gewiss,bgdi-bundesgeodaten-infrastruktur,wasser"
reliefschattierung-zum-vegetationshohenmodell-sentinel-lfi,Reliefschattierung zum Vegetationshöhenmodell Sentinel LFI,remotesensing@wsl.ch,,2016-10-31T00:00:00,2024-10-31T00:00:00,,"geobasisdaten,aufbewahrungs--und-archivierungsplanung-aap---bund,bgdi-bundesgeodaten-infrastruktur,fise-forest-information-system-for-europe,waldbestand,wald,bgdi-bundesgeodaten-infrastruktur"
mittlere-hochstwerte-des-tagesganges-der-lufttemperatur-im-juli-periode-2070-2099-szenario-rcp-,"Mittlere Höchstwerte des Tagesganges der Lufttemperatur im Juli, Periode 2070-2099, Szenario RCP 8.5",wald@bafu.admin.ch,,2022-03-09T00:00:00,,,"forstwirtschaft,klima,luft-atmosphare,klima,luft-atmosphare,umweltuberwachung,bgdi-bundesgeodaten-infrastruktur"
invasive-gebietsfremde-pflanzen-potentialkarte-grossblutiges-heusenkraut,Invasive gebietsfremde Pflanzen - Potentialkarte Grossblütiges Heusenkraut,altlasten@bafu.admin.ch,,,2015-10-08T00:00:00,,"umwelt,bgdi-bundesgeodaten-infrastruktur"
relative-luftfeuchtigkeit-im-jahr-periode-1981-2010,"Relative Luftfeuchtigkeit im Jahr, Periode 1981-2010",wald@bafu.admin.ch,,2022-03-09T00:00:00,,,"forstwirtschaft,sturmschaden,umweltuberwachung,bgdi-bundesgeodaten-infrastruktur"
datenbank-geschiebefrachten-bund,Datenbank Geschiebefrachten (Bund),hydrologie@bafu.admin.ch,,2009-01-01T00:00:00,,,"gewasser,wasser,gewiss,bgdi-bundesgeodaten-infrastruktur"
monatliche-niederschlagserosivitatskarten-r-faktor-der-schweiz-in-mj-mm-ha-h-monat-februar,"Monatliche Niederschlagserosivitätskarten (R-Faktor) der Schweiz in MJ mm ha⁻¹ h⁻¹ Monat⁻¹, Februar",altlasten@bafu.admin.ch,,2019-10-02T00:00:00,2020-02-27T00:00:00,,"niederschlagserhohung,bodenerosion,boden,erosionsschutz,erosion,bgdi-bundesgeodaten-infrastruktur,e-geoch,aufbewahrungs--und-archivierungsplanung-aap---bund"
mittlere-abflusse-in-der-zukunft-resultate-aus-dem-projekt-hydro-ch2018,Mittlere Abflüsse in der Zukunft – Resultate aus dem Projekt Hydro-CH2018,hydrologie@bafu.admin.ch,,2021-02-17T00:00:00,,,"umwelt,umweltuberwachung,bgdi-bundesgeodaten-infrastruktur"
fohnhaufigkeit-im-jahr-periode-variabel-maximal-1969-2013,"Föhnhäufigkeit im Jahr, Periode variabel (maximal 1969-2013)",wald@bafu.admin.ch,,2022-03-09T00:00:00,,,"forstwirtschaft,sturmschaden,umweltuberwachung,bgdi-bundesgeodaten-infrastruktur"
topographische-einzugsgebiete-der-schweizer-gewasser-teileinzugsgebiete-40-km,Topographische Einzugsgebiete der Schweizer Gewässer: Teileinzugsgebiete 40 km²,hydrologie@bafu.admin.ch,,2010-07-01T00:00:00,,,"umweltuberwachung,gewassernetz,bgdi-bundesgeodaten-infrastruktur"
invasive-gebietsfremde-pflanzen-potentialkarte-kirschlorbeer,Invasive gebietsfremde Pflanzen - Potentialkarte Kirschlorbeer,altlasten@bafu.admin.ch,,,2015-04-02T00:00:00,,"umwelt,bgdi-bundesgeodaten-infrastruktur"
topographische-einzugsgebiete-schweizer-gewasser-gebietsauslasse,Topographische Einzugsgebiete Schweizer Gewässer: Gebietsauslässe,hydrologie@bafu.admin.ch,,2010-07-01T00:00:00,,,"gewassernetz,geobasisdaten,bgdi-bundesgeodaten-infrastruktur"
sturmgefahrdung-boenspitzen-mit-wiederkehrperiode-50-jahre,Sturmgefährdung: Böenspitzen mit Wiederkehrperiode 50 Jahre,wald@bafu.admin.ch,,2014-11-07T00:00:00,,,"naturrisikoanalyse,wind,sturm,luftbewegung,naturrisiko,bgdi-bundesgeodaten-infrastruktur"
beurteilung-des-biologischen-gewasserzustandes-fische,Beurteilung des biologischen Gewässerzustandes: Fische,wasser@bafu.admin.ch,,2014-03-26T00:00:00,,,"umwelt,bgdi-bundesgeodaten-infrastruktur,fliessgewasser"
monatliche-niederschlagserosivitatskarten-r-faktor-der-schweiz-in-mj-mm-ha-h-monat-april,"Monatliche Niederschlagserosivitätskarten (R-Faktor) der Schweiz in MJ mm ha⁻¹ h⁻¹ Monat⁻¹, April",altlasten@bafu.admin.ch,,2019-10-02T00:00:00,2020-02-27T00:00:00,,"bodenerosion,niederschlagserhohung,erosionsschutz,erosion,boden,bgdi-bundesgeodaten-infrastruktur,aufbewahrungs--und-archivierungsplanung-aap---bund,e-geoch"
sturmgefahrdung-staudruck-mit-wiederkehrperiode-100-jahre,Sturmgefährdung: Staudruck mit Wiederkehrperiode 100 Jahre,wald@bafu.admin.ch,,2014-11-07T00:00:00,,,"luftbewegung,naturrisikoanalyse,wind,sturm,naturrisiko,bgdi-bundesgeodaten-infrastruktur"
sturmgefahrdung-staudruck-mit-wiederkehrperiode-50-jahre,Sturmgefährdung: Staudruck mit Wiederkehrperiode 50 Jahre,wald@bafu.admin.ch,,2014-11-07T00:00:00,,,"naturrisikoanalyse,luftbewegung,sturm,wind,naturrisiko,bgdi-bundesgeodaten-infrastruktur"
invasive-gebietsfremde-pflanzen-potentialkarte-spatbluhende-goldrute,Invasive gebietsfremde Pflanzen - Potentialkarte Spätblühende Goldrute,altlasten@bafu.admin.ch,,,2015-04-02T00:00:00,,"umwelt,bgdi-bundesgeodaten-infrastruktur"
waldbrandgefahrenwarnung,Waldbrandgefahrenwarnung,wald@bafu.admin.ch,,2022-11-17T00:00:00,,,"waldbrand,wald,waldbrandverhutung,naturrisiko,bodennutzung,fise-forest-information-system-for-europe,bgdi-bundesgeodaten-infrastruktur"
invasive-gebietsfremde-pflanzen-potentialkarte-chinesische-samtpappel,Invasive gebietsfremde Pflanzen - Potentialkarte Chinesische Samtpappel,info@infoflora.ch,,,2015-04-02T00:00:00,,"umwelt,bgdi-bundesgeodaten-infrastruktur"
mittlere-hochstwerte-des-tagesganges-der-lufttemperatur-im-juli-periode-1961-1990,"Mittlere Höchstwerte des Tagesganges der Lufttemperatur im Juli, Periode 1961-1990",wald@bafu.admin.ch,,2022-03-09T00:00:00,,,"luft-atmosphare,klima,luft-atmosphare,klima,atmospharische-bedingungen,bgdi-bundesgeodaten-infrastruktur"
schutzwaldregionen-lfi,Schutzwaldregionen LFI,wslinfo@wsl.ch,,,2020-11-16T00:00:00,,"geobasisdaten,aufbewahrungs--und-archivierungsplanung-aap---bund,wald,waldbestand,bgdi-bundesgeodaten-infrastruktur"
schutzgebiete-der-zivilen-luftfahrthindernispublikation-ubrige-schutzgebiete,Schutzgebiete der zivilen Luftfahrthindernispublikation - Übrige Schutzgebiete,bnl@bafu.admin.ch,,,2023-07-01T00:00:00,,"schutzgebiete,luftfahrt,luftfahrthindernis,bgdi-bundesgeodaten-infrastruktur"
monatliche-erosionsrisikokarten-des-schweizer-dauergrunlands-mittlerer-bodenabtrag-in-tonnen-ha5,"Monatliche Erosionsrisikokarten des Schweizer Dauergrünlands, mittlerer Bodenabtrag in Tonnen/(ha*Monat), Juni",altlasten@bafu.admin.ch,,2019-04-01T00:00:00,2019-06-27T00:00:00,,"erosion,bodenerosion,erosionsschutz,boden,gesundheit-und-sicherheit,atmospharische-bedingungen,bgdi-bundesgeodaten-infrastruktur,aufbewahrungs--und-archivierungsplanung-aap---bund,e-geoch"
invasive-gebietsfremde-pflanzen-potentialkarte-topinambur,Invasive gebietsfremde Pflanzen - Potentialkarte Topinambur,altlasten@bafu.admin.ch,,,2015-04-02T00:00:00,,"umwelt,bgdi-bundesgeodaten-infrastruktur"
karte-der-historischen-erdbeben-in-der-schweiz-und-im-grenznahem-ausland,Karte der historischen Erdbeben in der Schweiz und im grenznahem Ausland,sedweb@sed.ethz.ch,,2011-04-28T00:00:00,,,"erdbeben,katalog,gebiete-mit-naturbedingten-risiken,bgdi-bundesgeodaten-infrastruktur"
produktionsregionen-lfi,Produktionsregionen LFI,wald@bafu.admin.ch,,,2020-11-16T00:00:00,,"geobasisdaten,aufbewahrungs--und-archivierungsplanung-aap---bund,waldbestand,wald,bgdi-bundesgeodaten-infrastruktur"
niederschlagssumme-juni-august-periode-2070-2099-szenario-rcp-8-5,"Niederschlagssumme Juni-August, Periode 2070-2099, Szenario RCP 8.5",wald@bafu.admin.ch,,2022-03-09T00:00:00,,,"forstwirtschaft,sturmschaden,umweltuberwachung,bgdi-bundesgeodaten-infrastruktur"
invasive-gebietsfremde-pflanzen-potentialkarte-nadelkraut,Invasive gebietsfremde Pflanzen - Potentialkarte Nadelkraut,info@infoflora.ch,,,2015-04-02T00:00:00,,"umwelt,bgdi-bundesgeodaten-infrastruktur"
bundesinventar-der-eidgenossischen-jagdbanngebiete-inkl-routennetz-jagdbanngebiete,Bundesinventar der eidgenössischen Jagdbanngebiete (inkl. Routennetz) - Jagdbanngebiete,bnl@bafu.admin.ch,,1992-01-01T00:00:00,2023-06-15T00:00:00,,"e-geoch,aufbewahrungs--und-archivierungsplanung-aap---bund,geobasisdaten,umwelt,lebensraume-und-biotope,schutzgebiete,bgdi-bundesgeodaten-infrastruktur"
okomorphologie-stufe-f-absturze,Ökomorphologie Stufe F - Abstürze,wasser@bafu.admin.ch,,2013-08-08T00:00:00,,,"vektor,renaturierung,umweltuberwachung,bgdi-bundesgeodaten-infrastruktur,geobasisdaten"
monatliche-niederschlagserosivitatskarten-r-faktor-der-schweiz-in-mj-mm-ha-h-monat-juni,"Monatliche Niederschlagserosivitätskarten (R-Faktor) der Schweiz in MJ mm ha⁻¹ h⁻¹ Monat⁻¹, Juni",altlasten@bafu.admin.ch,,2019-10-02T00:00:00,2020-02-27T00:00:00,,"erosion,erosionsschutz,bodenerosion,niederschlagserhohung,boden,bgdi-bundesgeodaten-infrastruktur,e-geoch,aufbewahrungs--und-archivierungsplanung-aap---bund"
kantone-lfi,Kantone LFI,wslinfo@wsl.ch,,,2021-01-01T00:00:00,,"aufbewahrungs--und-archivierungsplanung-aap---bund,geobasisdaten,waldbestand,wald,bgdi-bundesgeodaten-infrastruktur,biogeografische-regionen,verteilung-der-arten,lebensraume-und-biotope,national"
aschenpopulationen-von-nationaler-bedeutung-larvenhabitate,Äschenpopulationen von nationaler Bedeutung: Larvenhabitate,wasser@bafu.admin.ch,,,2011-08-29T00:00:00,,"umwelt,lebensraume-und-biotope,bgdi-bundesgeodaten-infrastruktur"
monatliche-erosionsrisikokarten-des-schweizer-dauergrunlands-mittlerer-bodenabtrag-in-tonnen-ha1,"Monatliche Erosionsrisikokarten des Schweizer Dauergrünlands, mittlerer Bodenabtrag in Tonnen/(ha*Monat), Februar",altlasten@bafu.admin.ch,,2019-04-01T00:00:00,2019-06-27T00:00:00,,"erosion,erosionsschutz,bodenerosion,boden,gesundheit-und-sicherheit,atmospharische-bedingungen,bgdi-bundesgeodaten-infrastruktur,e-geoch,aufbewahrungs--und-archivierungsplanung-aap---bund"
bundesinventar-der-hoch-und-ubergangsmoore-von-nationaler-bedeutung,Bundesinventar der Hoch- und Übergangsmoore von nationaler Bedeutung,bnl@bafu.admin.ch,,1991-01-01T00:00:00,2025-12-01T00:00:00,,"geobasisdaten,aufbewahrungs--und-archivierungsplanung-aap---bund,e-geoch,umwelt,schutzgebiete,lebensraume-und-biotope,bgdi-bundesgeodaten-infrastruktur"
invasive-gebietsfremde-pflanzen-potentialkarte-brasilianisches-tausendblatt,Invasive gebietsfremde Pflanzen - Potentialkarte Brasilianisches Tausendblatt,altlasten@bafu.admin.ch,,,2015-04-02T00:00:00,,"umwelt,bgdi-bundesgeodaten-infrastruktur"
relative-luftfeuchtigkeit-im-juli-periode-1981-2010,"Relative Luftfeuchtigkeit im Juli, Periode 1981-2010",wald@bafu.admin.ch,,2022-03-09T00:00:00,,,"forstwirtschaft,sturmschaden,umweltuberwachung,bgdi-bundesgeodaten-infrastruktur"
beurteilung-des-biologischen-gewasserzustandes-kieselalgen-diatomeen,Beurteilung des biologischen Gewässerzustandes: Kieselalgen (Diatomeen),wasser@bafu.admin.ch,,2014-03-26T00:00:00,,,"umwelt,bgdi-bundesgeodaten-infrastruktur,fliessgewasser"
geochemischer-bodenatlas-der-schweiz-uran,Geochemischer Bodenatlas der Schweiz: Uran,altlasten@bafu.admin.ch,,2023-06-30T00:00:00,,,"schwermetallbelastung,toxische-metalle,biogeochemie,atlas,interpolation,bgdi-bundesgeodaten-infrastruktur,bund,bodeneigenschaften,bodenkartierung,boden"
geochemischer-bodenatlas-der-schweiz-thallium,Geochemischer Bodenatlas der Schweiz: Thallium,altlasten@bafu.admin.ch,,2023-06-30T00:00:00,,,"boden,interpolation,schwermetall,biogeochemie,atlas,toxische-metalle,bund,bodeneigenschaften,bodenkartierung,bgdi-bundesgeodaten-infrastruktur"
invasive-gebietsfremde-pflanzen-potentialkarte-portulak-heusenkraut,Invasive gebietsfremde Pflanzen - Potentialkarte Portulak-Heusenkraut,info@infoflora.ch,,,2015-04-02T00:00:00,,"umwelt,bgdi-bundesgeodaten-infrastruktur"
einzugsgebiete-in-karstgebieten,Einzugsgebiete in Karstgebieten,hydrogeologie@bafu.admin.ch,,2016-03-01T00:00:00,,,"hydrogeologie,karstgebiet,quelle,grundwasser,umwelt"
luftbelastung-durch-schwefeldioxid,Luftbelastung durch Schwefeldioxid,chemicals@bafu.admin.ch,,2025-01-01T00:00:00,2025-08-19T00:00:00,,"luft,luftschadstoff,atmospharische-bedingungen,gesundheit-und-sicherheit,bgdi-bundesgeodaten-infrastruktur,e-geoch,aufbewahrungs--und-archivierungsplanung-aap---bund"
okomorphologie-stufe-f-bauwerke,Ökomorphologie Stufe F - Bauwerke,wasser@bafu.admin.ch,,2013-08-08T00:00:00,,,"renaturierung,vektor,umweltuberwachung,geobasisdaten,bgdi-bundesgeodaten-infrastruktur"
badegewasserqualitat1,Badegewässerqualität,hydrologie@bafu.admin.ch,,2014-01-01T00:00:00,2024-12-31T00:00:00,,"bgdi-bundesgeodaten-infrastruktur,gewiss"
reliefschattierung-zum-vegetationshohenmodell-lfi,Reliefschattierung zum Vegetationshöhenmodell LFI,remotesensing@wsl.ch,,2016-10-31T00:00:00,2024-10-31T00:00:00,,"aufbewahrungs--und-archivierungsplanung-aap---bund,geobasisdaten,fise-forest-information-system-for-europe,bgdi-bundesgeodaten-infrastruktur,waldbestand,wald,bgdi-bundesgeodaten-infrastruktur"
schutzgebiete-der-zivilen-luftfahrthindernispublikation-auengebiete,Schutzgebiete der zivilen Luftfahrthindernispublikation - Auengebiete,bnl@bafu.admin.ch,,,2017-11-01T00:00:00,,"schutzgebiete,luftfahrt,luftfahrthindernis,bgdi-bundesgeodaten-infrastruktur"
aschenpopulationen-von-nationaler-bedeutung-laichplatze,Äschenpopulationen von nationaler Bedeutung: Laichplätze,wasser@bafu.admin.ch,,,2011-08-29T00:00:00,,"umwelt,lebensraume-und-biotope,bgdi-bundesgeodaten-infrastruktur"
wasserverfugbarkeit-fur-pflanzen,Wasserverfügbarkeit für Pflanzen (Transpirationsverhältnis),wald@bafu.admin.ch,,2019-02-06T00:00:00,2019-02-06T00:00:00,,"aufbewahrungs--und-archivierungsplanung-aap---bund,waldbestand,waldokologie,wald,bgdi-bundesgeodaten-infrastruktur"
monatliche-erosionsrisikokarten-des-schweizer-dauergrunlands-mittlerer-bodenabtrag-in-tonnen-ha8,"Monatliche Erosionsrisikokarten des Schweizer Dauergrünlands, mittlerer Bodenabtrag in Tonnen/(ha*Monat), August",altlasten@bafu.admin.ch,,2019-04-01T00:00:00,2019-06-27T00:00:00,,"erosion,erosionsschutz,boden,bodenerosion,atmospharische-bedingungen,gesundheit-und-sicherheit,bgdi-bundesgeodaten-infrastruktur,e-geoch,aufbewahrungs--und-archivierungsplanung-aap---bund"
hydrologische-stationen-mit-vorhersagen,Hydrologische Stationen mit Vorhersagen,hydrologie@bafu.admin.ch,,2015-01-30T00:00:00,,,"hydrologie,fliessgewasser,gewasser,bgdi-bundesgeodaten-infrastruktur"
vernetzungssystem-wildtiere,Vernetzungssystem Wildtiere,bnl@bafu.admin.ch,,,2013-02-19T00:00:00,,"wildtier,fauna,biotopverbund,umweltuberwachung,lebensraume-und-biotope,bgdi-bundesgeodaten-infrastruktur"
mittlere-hochstwerte-des-tagesganges-der-lufttemperatur-im-juli-periode-2070-2099-szenario-rcp-2,"Mittlere Höchstwerte des Tagesganges der Lufttemperatur im Juli, Periode 2070-2099, Szenario RCP 4.5",wald@bafu.admin.ch,,2022-03-09T00:00:00,,,"klima,luft-atmosphare,forstwirtschaft,klima,luft-atmosphare,umweltuberwachung,bgdi-bundesgeodaten-infrastruktur"
invasive-gebietsfremde-pflanzen-potentialkarte-henrys-geissblatt,Invasive gebietsfremde Pflanzen - Potentialkarte Henrys Geissblatt,altlasten@bafu.admin.ch,,,2015-04-02T00:00:00,,"umwelt,bgdi-bundesgeodaten-infrastruktur"
geochemischer-bodenatlas-der-schweiz-arsen,Geochemischer Bodenatlas der Schweiz: Arsen,altlasten@bafu.admin.ch,,2023-06-30T00:00:00,,,"nahrstoffgehalt,biogeochemie,bodenchemie,atlas,boden,interpolation,toxische-metalle,schwermetallbelastung,mineralische-bodenschatze,aufbewahrungs--und-archivierungsplanung-aap---bund,bund,bodenkartierung,bodenqualitat,bgdi-bundesgeodaten-infrastruktur"
monatliche-niederschlagserosivitatskarten-r-faktor-der-schweiz-in-mj-mm-ha-h-monat-august,"Monatliche Niederschlagserosivitätskarten (R-Faktor) der Schweiz in MJ mm ha⁻¹ h⁻¹ Monat⁻¹, August",altlasten@bafu.admin.ch,,2019-10-02T00:00:00,2020-02-27T00:00:00,,"bodenerosion,erosion,erosionsschutz,niederschlagserhohung,boden,bgdi-bundesgeodaten-infrastruktur,aufbewahrungs--und-archivierungsplanung-aap---bund,e-geoch"
hwgwp-hochwassergrenzwertpegel,HWGWP Hochwassergrenzwertpegel,hydrologie@bafu.admin.ch,,2005-01-01T00:00:00,,,"gewasser,gewiss"
bundesinventar-der-amphibienlaichgebiete-von-nationaler-bedeutung-wanderobjekte,Bundesinventar der Amphibienlaichgebiete von nationaler Bedeutung - Wanderobjekte,bnl@bafu.admin.ch,,2001-01-01T00:00:00,2025-12-01T00:00:00,,"geobasisdaten,aufbewahrungs--und-archivierungsplanung-aap---bund,e-geoch,umwelt,lebensraume-und-biotope,schutzgebiete,bgdi-bundesgeodaten-infrastruktur"
beurteilung-des-chemischen-gewasserzustandes-ammonium,Beurteilung des chemischen Gewässerzustandes: Ammonium,hydrologie@bafu.admin.ch,,2014-03-26T00:00:00,,,"umwelt,bgdi-bundesgeodaten-infrastruktur,fliessgewasser"
waldschadenflachen-vivian-1990,Waldschadenflächen Vivian 1990,wald@bafu.admin.ch,,1992-01-15T00:00:00,,,"forstwirtschaft,sturmschaden,bgdi-bundesgeodaten-infrastruktur"
bundesinventar-der-amphibienlaichgebiete-von-nationaler-bedeutung-anhang-3,Bundesinventar der Amphibienlaichgebiete von nationaler Bedeutung - Anhang 3,bnl@bafu.admin.ch,,,2025-12-01T00:00:00,,"umwelt,lebensraume-und-biotope,schutzgebiete,bgdi-bundesgeodaten-infrastruktur"
invasive-gebietsfremde-pflanzen-potentialkarte-aufrechtes-traubenkraut,Invasive gebietsfremde Pflanzen - Potentialkarte Aufrechtes Traubenkraut,altlasten@bafu.admin.ch,,,2015-04-02T00:00:00,,"umwelt,bgdi-bundesgeodaten-infrastruktur"
niederschlagssumme-juni-august-periode-2070-2099-szenario-rcp-4-5,"Niederschlagssumme Juni-August, Periode 2070-2099, Szenario RCP 4.5",wald@bafu.admin.ch,,2022-03-09T00:00:00,,,"forstwirtschaft,sturmschaden,umweltuberwachung,bgdi-bundesgeodaten-infrastruktur"
monatliche-erosionsrisikokarten-des-schweizer-dauergrunlands-mittlerer-bodenabtrag-in-tonnen-ha,"Monatliche Erosionsrisikokarten des Schweizer Dauergrünlands, mittlerer Bodenabtrag in Tonnen/(ha*Monat), Oktober",altlasten@bafu.admin.ch,,2019-04-01T00:00:00,2019-06-27T00:00:00,,"erosion,erosionsschutz,bodenerosion,boden,gesundheit-und-sicherheit,atmospharische-bedingungen,bgdi-bundesgeodaten-infrastruktur,aufbewahrungs--und-archivierungsplanung-aap---bund,e-geoch"
vegetation-alpine-auen,Vegetation alpine Auen,bnl@bafu.admin.ch,,2006-01-01T00:00:00,,,"umwelt,bgdi-bundesgeodaten-infrastruktur,biodiversitat"
hinweiskarte-der-potenziellen-permafrostverbreitung,Hinweiskarte der potenziellen Permafrostverbreitung,gefahrenpraevention@bafu.admin.ch,,2005-12-31T00:00:00,,,"karte,naturrisiko,permafrost-okosystem,gebiete-mit-naturbedingten-risiken,bgdi-bundesgeodaten-infrastruktur,aufbewahrungs--und-archivierungsplanung-aap---bund"
invasive-gebietsfremde-pflanzen-potentialkarte-besen-radmelde,Invasive gebietsfremde Pflanzen - Potentialkarte Besen-Radmelde,altlasten@bafu.admin.ch,,,2015-04-02T00:00:00,,"umwelt,bgdi-bundesgeodaten-infrastruktur"
sturmgefahrdung-staudruck-mit-wiederkehrperiode-30-jahre,Sturmgefährdung: Staudruck mit Wiederkehrperiode 30 Jahre,wald@bafu.admin.ch,,2014-11-07T00:00:00,,,"naturrisikoanalyse,naturrisiko,luftbewegung,wind,sturm,bgdi-bundesgeodaten-infrastruktur"
invasive-gebietsfremde-pflanzen-potentialkarte-bastardindigo,Invasive gebietsfremde Pflanzen - Potentialkarte Bastardindigo,altlasten@bafu.admin.ch,,,2015-04-02T00:00:00,,"umwelt,bgdi-bundesgeodaten-infrastruktur"
topographische-einzugsgebiete-der-schweizer-gewasser-teileinzugsgebiete-2km2,Topographische Einzugsgebiete Schweizer Gewässer: Teileinzugsgebiete 2 km²,hydrologie@bafu.admin.ch,,2010-07-01T00:00:00,,,"umweltuberwachung,gewassernetz,geobasisdaten,bgdi-bundesgeodaten-infrastruktur"
invasive-gebietsfremde-pflanzen-potentialkarte-amerikanische-kermesbeere,Invasive gebietsfremde Pflanzen - Potentialkarte Amerikanische Kermesbeere,altlasten@bafu.admin.ch,,,2015-04-02T00:00:00,,"umwelt,bgdi-bundesgeodaten-infrastruktur"
monatliche-erosionsrisikokarten-des-schweizer-dauergrunlands-mittlerer-bodenabtrag-in-tonnen-ha7,"Monatliche Erosionsrisikokarten des Schweizer Dauergrünlands, mittlerer Bodenabtrag in Tonnen/(ha*Monat), April",altlasten@bafu.admin.ch,,2019-04-01T00:00:00,2019-06-27T00:00:00,,"erosion,bodenerosion,erosionsschutz,boden,atmospharische-bedingungen,gesundheit-und-sicherheit,bgdi-bundesgeodaten-infrastruktur,aufbewahrungs--und-archivierungsplanung-aap---bund,e-geoch"
monatliche-niederschlagserosivitatskarten-r-faktor-der-schweiz-in-mj-mm-ha-h-monat-september,"Monatliche Niederschlagserosivitätskarten (R-Faktor) der Schweiz in MJ mm ha⁻¹ h⁻¹ Monat⁻¹, September",altlasten@bafu.admin.ch,,2019-10-02T00:00:00,2020-02-27T00:00:00,,"boden,bodenerosion,niederschlagserhohung,erosion,erosionsschutz,bgdi-bundesgeodaten-infrastruktur,aufbewahrungs--und-archivierungsplanung-aap---bund,e-geoch"
geochemischer-bodenatlas-der-schweiz-molybdan,Geochemischer Bodenatlas der Schweiz: Molybdän,altlasten@bafu.admin.ch,,2023-06-30T00:00:00,,,"boden,boden,atlas,interpolation,biogeochemie,bodenkartierung,bodeneigenschaften,bgdi-bundesgeodaten-infrastruktur,bund"
waldbrandpraventionsmassnahmen-der-kantone,Waldbrandpräventionsmassnahmen der Kantone,wald@bafu.admin.ch,,2022-11-17T00:00:00,,,"naturrisiko,waldbrandverhutung,waldbrand,wald,bodennutzung,fise-forest-information-system-for-europe,bgdi-bundesgeodaten-infrastruktur"
diffuse-gesamt-phosphoreintrage-in-die-gewasser,Diffuse Gesamt-Phosphoreinträge in die Gewässer,wasser@bafu.admin.ch,,2023-01-01T00:00:00,,,"phosphor,umwelt,bgdi-bundesgeodaten-infrastruktur,gewasser"
tannenareale,Tannenareale,wslinfo@wsl.ch,,2019-02-06T00:00:00,2020-06-03T00:00:00,,"aufbewahrungs--und-archivierungsplanung-aap---bund,wald,waldbestand,waldokologie,bgdi-bundesgeodaten-infrastruktur"
niedrigwasserstatistik-nqstat,Niedrigwasserstatistik NQStat,hydrologie@bafu.admin.ch,,2008-01-01T00:00:00,,,"gewiss,bgdi-bundesgeodaten-infrastruktur"
bundesinventar-der-auengebiete-von-nationaler-bedeutung-anhang-2,Bundesinventar der Auengebiete von nationaler Bedeutung - Anhang 2,bnl@bafu.admin.ch,,2017-10-05T00:00:00,2017-11-01T00:00:00,,"e-geoch,aufbewahrungs--und-archivierungsplanung-aap---bund,geobasisdaten,umwelt,schutzgebiete,lebensraume-und-biotope,bgdi-bundesgeodaten-infrastruktur"
ausdehnung-der-grundwasservorkommen-in-karstgebieten,Ausdehnung der Grundwasservorkommen in Karstgebieten,hydrogeologie@bafu.admin.ch,,2016-03-01T00:00:00,,,"umwelt,grundwasser,karstgebiet,hydrogeologie,quelle"
klaranlagendatenbank-ara-db-prozentanteil-abwasser-im-vorfluter-bei-niedrigwasser,Kläranlagendatenbank (ARA-DB) - Prozentanteil Abwasser im Vorfluter bei Niedrigwasser,wasser@bafu.admin.ch,,2014-01-01T00:00:00,,,"gewiss,bgdi-bundesgeodaten-infrastruktur,wasser"
invasive-gebietsfremde-pflanzen-potentialkarte-bastard-staudenknoterich,Invasive gebietsfremde Pflanzen - Potentialkarte Bastard-Staudenknöterich,altlasten@bafu.admin.ch,,,2015-04-02T00:00:00,,"umwelt,bgdi-bundesgeodaten-infrastruktur"
monatliche-erosionsrisikokarten-des-schweizer-dauergrunlands-mittlerer-bodenabtrag-in-tonnen-ha6,"Monatliche Erosionsrisikokarten des Schweizer Dauergrünlands, mittlerer Bodenabtrag in Tonnen/(ha*Monat), September",altlasten@bafu.admin.ch,,2019-04-01T00:00:00,2019-06-27T00:00:00,,"bodenerosion,erosionsschutz,erosion,boden,gesundheit-und-sicherheit,atmospharische-bedingungen,bgdi-bundesgeodaten-infrastruktur,e-geoch,aufbewahrungs--und-archivierungsplanung-aap---bund"
geochemischer-bodenatlas-der-schweiz-magnesium,Geochemischer Bodenatlas der Schweiz: Magnesium,altlasten@bafu.admin.ch,,2023-06-30T00:00:00,,,"boden,boden,interpolation,atlas,biogeochemie,metallisches-mineral,bund,bodenkartierung,bgdi-bundesgeodaten-infrastruktur"
sturmgefahrdung-boenspitzen-mit-wiederkehrperiode-100-jahre,Sturmgefährdung: Böenspitzen mit Wiederkehrperiode 100 Jahre,wald@bafu.admin.ch,,2014-11-07T00:00:00,,,"naturrisiko,luftbewegung,sturm,naturrisikoanalyse,wind,bgdi-bundesgeodaten-infrastruktur"
beurteilung-des-chemischen-gewasserzustandes-phosphat,Beurteilung des chemischen Gewässerzustandes: Phosphat,hydrologie@bafu.admin.ch,,2014-03-26T00:00:00,,,"umwelt,bgdi-bundesgeodaten-infrastruktur,fliessgewasser"
ermittlung-und-modellierung-der-oberen-waldgrenze-fur-die-normperioden-1961-1990-1981-2070-2099,"Ermittlung und Modellierung der oberen Waldgrenze für die Normperioden 1961-1990, 1981-2010 und die Zukunftsperiode 2070-2099",wald@bafu.admin.ch,,2022-03-09T00:00:00,,,"forstwirtschaft,sturmschaden,umweltuberwachung,bgdi-bundesgeodaten-infrastruktur"
unesco-welterbe-naturstatten,UNESCO-Welterbe Naturstätten,bnl@bafu.admin.ch,,2001-01-01T00:00:00,2021-01-01T00:00:00,,"aufbewahrungs--und-archivierungsplanung-aap---bund,geobasisdaten,naturerbe,lebensraume-und-biotope,schutzgebiete,bgdi-bundesgeodaten-infrastruktur"
ubereinkommen-uber-feuchtgebiete-insbesondere-als-lebensraum-fur-wasser-und-watvogel-von-intern,"Übereinkommen über Feuchtgebiete, insbesondere als Lebensraum für Wasser- und Watvögel, von internationaler Bedeutung (Ramsar-Konvention)",bnl@bafu.admin.ch,,1976-01-01T00:00:00,2005-02-02T00:00:00,,"e-geoch-geoportal,aufbewahrungs--und-archivierungsplanung-aap---bund,geobasisdaten,umwelt,schutzgebiete,bgdi-bundesgeodaten-infrastruktur"
nasenlaichgebiete-1995-2004,Nasenlaichgebiete 1995 - 2004,wasser@bafu.admin.ch,,,2006-02-20T00:00:00,,"umwelt,lebensraume-und-biotope,bgdi-bundesgeodaten-infrastruktur"
monatliche-niederschlagserosivitatskarten-r-faktor-der-schweiz-in-mj-mm-ha-h-monat-november,"Monatliche Niederschlagserosivitätskarten (R-Faktor) der Schweiz in MJ mm ha⁻¹ h⁻¹ Monat⁻¹, November",altlasten@bafu.admin.ch,,2019-10-02T00:00:00,2020-02-27T00:00:00,,"boden,erosion,erosionsschutz,niederschlagserhohung,bodenerosion,bgdi-bundesgeodaten-infrastruktur,aufbewahrungs--und-archivierungsplanung-aap---bund,e-geoch"
invasive-gebietsfremde-pflanzen-potentialkarte-vielblattrige-lupine,Invasive gebietsfremde Pflanzen - Potentialkarte Vielblättrige Lupine,altlasten@bafu.admin.ch,,,2015-04-02T00:00:00,,"umwelt,bgdi-bundesgeodaten-infrastruktur"
geochemischer-bodenatlas-der-schweiz-mangan,Geochemischer Bodenatlas der Schweiz: Mangan,altlasten@bafu.admin.ch,,2023-06-30T00:00:00,,,"boden,boden,atlas,boden,biogeochemie,interpolation,bodenkartierung,bodeneigenschaften,bgdi-bundesgeodaten-infrastruktur,bund"
hydrogeologische-ubersichtskarte-der-schweiz,Hydrogeologische Übersichtskarte der Schweiz,hydrologie@bafu.admin.ch,,2009-12-03T00:00:00,,,"umwelt,gewassernetz,geologie,bgdi-bundesgeodaten-infrastruktur"
beurteilung-des-chemischen-gewasserzustandes-nitrat,Beurteilung des chemischen Gewässerzustandes: Nitrat,hydrologie@bafu.admin.ch,,2014-03-26T00:00:00,,,"umwelt,bgdi-bundesgeodaten-infrastruktur,fliessgewasser"
invasive-gebietsfremde-pflanzen-potentialkarte-vielahriger-knoterich,Invasive gebietsfremde Pflanzen - Potentialkarte Vielähriger Knöterich,info@infoflora.ch,,,2015-04-02T00:00:00,,"umwelt,bgdi-bundesgeodaten-infrastruktur"
invasive-gebietsfremde-pflanzen-potentialkarte-felsen-greiskraut,Invasive gebietsfremde Pflanzen - Potentialkarte Felsen-Greiskraut,info@infoflora.ch,,,2015-04-02T00:00:00,,"umwelt,bgdi-bundesgeodaten-infrastruktur"
wildtierkorridore-uberregional,Wildtierkorridore Überregional,bnl@bafu.admin.ch,,,2025-02-01T00:00:00,,"fauna,wildtier,biotopverbund,lebensraume-und-biotope,umweltuberwachung,bgdi-bundesgeodaten-infrastruktur"
geochemischer-bodenatlas-der-schweiz-nickel,Geochemischer Bodenatlas der Schweiz: Nickel,altlasten@bafu.admin.ch,,2023-06-30T00:00:00,,,"boden,toxische-metalle,interpolation,interpolation,atlas,biogeochemie,schwermetallbelastung,bodenkartierung,bund,bgdi-bundesgeodaten-infrastruktur"
geochemischer-bodenatlas-der-schweiz-chrom,Geochemischer Bodenatlas der Schweiz: Chrom,altlasten@bafu.admin.ch,,2023-06-30T00:00:00,,,"biochemie,toxische-metalle,schwermetallbelastung,interpolation,boden,boden,bodenqualitat,bodenkartierung,bgdi-bundesgeodaten-infrastruktur,bund"
aschenpopulationen-von-nationaler-bedeutung-verbreitungsgebiet,Äschenpopulationen von nationaler Bedeutung: Verbreitungsgebiet,wasser@bafu.admin.ch,,,2011-09-05T00:00:00,,"umwelt,lebensraume-und-biotope,bgdi-bundesgeodaten-infrastruktur"
okomorphologie-stufe-f-abschnitte,Ökomorphologie Stufe F - Abschnitte,wasser@bafu.admin.ch,,2013-08-08T00:00:00,,,"renaturierung,vektor,umweltuberwachung,bgdi-bundesgeodaten-infrastruktur,geobasisdaten"
stickstoffdeposition,Stickstoffdeposition,chemicals@bafu.admin.ch,,,2022-08-15T00:00:00,,"luft,luftschadstoff,schadstoff,atmospharische-bedingungen,gesundheit-und-sicherheit,bgdi-bundesgeodaten-infrastruktur,aufbewahrungs--und-archivierungsplanung-aap---bund,e-geoch"
uberschwemmungsgebiete-aquaprotect-wiederkehrperiode-50-jahre,Überschwemmungsgebiete Aquaprotect: Wiederkehrperiode 50 Jahre,gefahrenpraevention@bafu.admin.ch,,2008-12-18T00:00:00,,,"naturrisikoanalyse,naturrisiko,gebiete-mit-naturbedingten-risiken,bgdi-bundesgeodaten-infrastruktur"
vegetationshohenstufen-modelliert-fur-2085-mit-trockener-klimazukunft,Vegetationshöhenstufen modelliert für 2085 mit trockener Klimazukunft,wslinfo@wsl.ch,,2019-02-06T00:00:00,2021-09-16T00:00:00,,"aufbewahrungs--und-archivierungsplanung-aap---bund,waldbestand,wald,waldokologie,bgdi-bundesgeodaten-infrastruktur"
grundlagen-zur-bestimmung-der-abflussmenge-q347,Grundlagen zur Bestimmung der Abflussmenge Q347,hydrologie@bafu.admin.ch,,2000-01-01T00:00:00,,,"gewasser,bgdi-bundesgeodaten-infrastruktur"
sturmschadeninventar-lothar-1999,Sturmschadeninventar LOTHAR 1999,wald@bafu.admin.ch,,2010-01-19T00:00:00,,,"sturmschaden,wald,bgdi-bundesgeodaten-infrastruktur"
monatliche-erosionsrisikokarten-des-schweizer-dauergrunlands-mittlerer-bodenabtrag-in-tonnen-ha2,"Monatliche Erosionsrisikokarten des Schweizer Dauergrünlands, mittlerer Bodenabtrag in Tonnen/(ha*Monat), Mai",altlasten@bafu.admin.ch,,2019-04-01T00:00:00,2019-06-27T00:00:00,,"erosion,bodenerosion,erosionsschutz,boden,atmospharische-bedingungen,gesundheit-und-sicherheit,bgdi-bundesgeodaten-infrastruktur,aufbewahrungs--und-archivierungsplanung-aap---bund,e-geoch"
grundwassertemperatur,Grundwassertemperatur,hydrologie@bafu.admin.ch,,2022-06-23T00:00:00,,,"hydrologie,grundwasser,bgdi-bundesgeodaten-infrastruktur"
invasive-gebietsfremde-pflanzen-potentialkarte-japanischer-staudenknoterich,Invasive gebietsfremde Pflanzen - Potentialkarte Japanischer Staudenknöterich,info@infoflora.ch,,,2015-04-02T00:00:00,,"umwelt,bgdi-bundesgeodaten-infrastruktur"
datenbank-querprofile-qp-vermessungsabschnitt,Datenbank Querprofile (QP) - Vermessungsabschnitt,gefahrenpraevention@bafu.admin.ch,,2009-01-01T00:00:00,2026-02-01T00:00:00,,"gefahren,umwelt,geobasisdaten,bgdi-bundesgeodaten-infrastruktur,naturgefahr"
beurteilung-des-chemischen-gewasserzustandes-geloster-organischer-kohlenstoff-doc,Beurteilung des chemischen Gewässerzustandes: Gelöster organischer Kohlenstoff (DOC),hydrologie@bafu.admin.ch,,2014-03-26T00:00:00,,,"umwelt,bgdi-bundesgeodaten-infrastruktur,fliessgewasser"
unterirdische-fliesswege-in-karstgebieten,Unterirdische Fliesswege in Karstgebieten,hydrogeologie@bafu.admin.ch,,2016-03-01T00:00:00,,,"hydrogeologie,karstgebiet,umwelt,grundwasser,quelle"
mittlere-hochstwerte-des-tagesganges-der-lufttemperatur-im-juli-periode-2070-2099-szenario-rcp-1,"Mittlere Höchstwerte des Tagesganges der Lufttemperatur im Juli, Periode 2070-2099, Szenario RCP 2.6",wald@bafu.admin.ch,,2022-03-09T00:00:00,,,"forstwirtschaft,klima,luft-atmosphare,klima,luft-atmosphare,umweltuberwachung,bgdi-bundesgeodaten-infrastruktur"
sturmgefahrdung-boenspitzen-mit-wiederkehrperiode-300-jahre,Sturmgefährdung: Böenspitzen mit Wiederkehrperiode 300 Jahre,wald@bafu.admin.ch,,2014-11-07T00:00:00,,,"naturrisikoanalyse,naturrisiko,wind,luftbewegung,sturm,bgdi-bundesgeodaten-infrastruktur"
invasive-gebietsfremde-pflanzen-potentialkarte-sudafrikanisches-greiskraut,Invasive gebietsfremde Pflanzen - Potentialkarte Südafrikanisches Greiskraut,info@infoflora.ch,,,2015-04-02T00:00:00,,"umwelt,bgdi-bundesgeodaten-infrastruktur"
numerische-daten-der-trockenheitsplattform,Numerische Daten der Trockenheitsplattform,hydrologie@bafu.admin.ch,,2024-11-25T00:00:00,,,"gewasser,hydrologie,see,niederschlag,landwirtschaft,fliessgewasser,bgdi-bundesgeodaten-infrastruktur"
datenbank-querprofile-qp-querprofilachse,Datenbank Querprofile (QP) - Querprofilachse,gefahrenpraevention@bafu.admin.ch,,2009-01-01T00:00:00,2026-02-01T00:00:00,,"gefahren,naturgefahr,umwelt,geobasisdaten,bgdi-bundesgeodaten-infrastruktur"
invasive-gebietsfremde-pflanzen-potentialkarte-japanisches-geissblatt,Invasive gebietsfremde Pflanzen - Potentialkarte Japanisches Geissblatt,altlasten@bafu.admin.ch,,,2015-05-04T00:00:00,,"umwelt,bgdi-bundesgeodaten-infrastruktur"
monatliche-niederschlagserosivitatskarten-r-faktor-der-schweiz-in-mj-mm-ha-h-monat-mai,"Monatliche Niederschlagserosivitätskarten (R-Faktor) der Schweiz in MJ mm ha⁻¹ h⁻¹ Monat⁻¹, Mai",altlasten@bafu.admin.ch,,2019-10-02T00:00:00,2020-02-27T00:00:00,,"erosion,erosionsschutz,bodenerosion,boden,niederschlagserhohung,bgdi-bundesgeodaten-infrastruktur,e-geoch,aufbewahrungs--und-archivierungsplanung-aap---bund"
inventar-der-schwingrasen,Inventar der Schwingrasen,bnl@bafu.admin.ch,,1990-01-01T00:00:00,,,"aufbewahrungs--und-archivierungsplanung-aap---bund,bryophyten,inventar,moor,verteilung-der-arten,bgdi-bundesgeodaten-infrastruktur"
geochemischer-bodenatlas-der-schweiz-eisen,Geochemischer Bodenatlas der Schweiz: Eisen,altlasten@bafu.admin.ch,,2023-06-30T00:00:00,,,"boden,boden,atlas,biogeochemie,interpolation,schwermetall,toxische-metalle,bund,bgdi-bundesgeodaten-infrastruktur,bodenkartierung,bodeneigenschaften"
invasive-gebietsfremde-pflanzen-potentialkarte-kanadische-goldrute,Invasive gebietsfremde Pflanzen - Potentialkarte Kanadische Goldrute,altlasten@bafu.admin.ch,,,2015-04-02T00:00:00,,"umwelt,bgdi-bundesgeodaten-infrastruktur"
geochemischer-bodenatlas-der-schweiz-zink,Geochemischer Bodenatlas der Schweiz: Zink,altlasten@bafu.admin.ch,,2023-06-30T00:00:00,,,"boden,boden,schwermetall,atlas,altlast,interpolation,interpolation,toxische-metalle,toxische-metalle,biogeochemie,schwermetallbelastung,boden,bodenkartierung,bund,bodenqualitat,bgdi-bundesgeodaten-infrastruktur"
restwasserkarte-schweiz-wasserruckgabe,Restwasserkarte Schweiz: Wasserrückgabe,wasser@bafu.admin.ch,,,2004-01-01T00:00:00,,"umwelt,umweltuberwachung,bgdi-bundesgeodaten-infrastruktur,geobasisdaten"
hydrologische-untersuchungsgebiete,Hydrologische Untersuchungsgebiete,hydrologie@bafu.admin.ch,,2013-01-01T00:00:00,,,"gewiss,gewasser,bgdi-bundesgeodaten-infrastruktur"
invasive-gebietsfremde-pflanzen-potentialkarte-glattes-zackenschotchen,Invasive gebietsfremde Pflanzen - Potentialkarte Glattes Zackenschötchen,altlasten@bafu.admin.ch,,,2015-04-02T00:00:00,,"umwelt,bgdi-bundesgeodaten-infrastruktur"
waldstandortsregionen,Waldstandortsregionen,wslinfo@wsl.ch,,2019-02-06T00:00:00,2020-06-03T00:00:00,,"aufbewahrungs--und-archivierungsplanung-aap---bund,wald,waldbestand,waldokologie,bgdi-bundesgeodaten-infrastruktur"
invasive-gebietsfremde-pflanzen-potentialkarte-kletternder-giftsumach,Invasive gebietsfremde Pflanzen - Potentialkarte Kletternder Giftsumach,info@infoflora.ch,,,2015-04-02T00:00:00,,"umwelt,bgdi-bundesgeodaten-infrastruktur"
beurteilung-des-chemischen-gewasserzustandes-nitrit,Beurteilung des chemischen Gewässerzustandes: Nitrit,hydrologie@bafu.admin.ch,,2014-03-26T00:00:00,,,"umwelt,bgdi-bundesgeodaten-infrastruktur,fliessgewasser"
monatliche-niederschlagserosivitatskarten-r-faktor-der-schweiz-in-mj-mm-ha-h-monat-januar,"Monatliche Niederschlagserosivitätskarten (R-Faktor) der Schweiz in MJ mm ha⁻¹ h⁻¹ Monat⁻¹, Januar",altlasten@bafu.admin.ch,,2019-10-02T00:00:00,2020-02-27T00:00:00,,"niederschlagserhohung,erosionsschutz,bodenerosion,erosion,boden,bgdi-bundesgeodaten-infrastruktur,e-geoch,aufbewahrungs--und-archivierungsplanung-aap---bund"
geochemischer-bodenatlas-der-schweiz-kupfer,Geochemischer Bodenatlas der Schweiz: Kupfer,altlasten@bafu.admin.ch,,2023-06-30T00:00:00,,,"biogeochemie,toxische-metalle,schwermetallbelastung,interpolation,atlas,bodenqualitat,bund,bgdi-bundesgeodaten-infrastruktur,bodenkartierung,boden"
monatliche-niederschlagserosivitatskarten-r-faktor-der-schweiz-in-mj-mm-ha-h-monat-marz,"Monatliche Niederschlagserosivitätskarten (R-Faktor) der Schweiz in MJ mm ha⁻¹ h⁻¹ Monat⁻¹, März",altlasten@bafu.admin.ch,,2019-10-02T00:00:00,2020-02-27T00:00:00,,"niederschlagserhohung,erosion,erosionsschutz,bodenerosion,boden,bgdi-bundesgeodaten-infrastruktur,aufbewahrungs--und-archivierungsplanung-aap---bund,e-geoch"
anteil-der-bestockung-entlang-der-flusse,Anteil der Bestockung entlang der Flüsse,hydrologie@bafu.admin.ch,,,2022-10-07T00:00:00,,"umwelt,umweltuberwachung,bgdi-bundesgeodaten-infrastruktur"
kartierung-der-auengebiete-von-nationaler-bedeutung-nutzungen-und-eingriffe,Kartierung der Auengebiete von nationaler Bedeutung - Nutzungen und Eingriffe,bnl@bafu.admin.ch,,2015-05-26T00:00:00,,,"umwelt,lebensraume-und-biotope,schutzgebiete,e-geoch"
nais-weiserflachen-und-beobachtungspunkte-suissenais,NaiS-Weiserflächen und Beobachtungspunkte SuisseNaiS,info@gebirgswald.ch,,2024-11-24T00:00:00,,,"erdbeobachtung,umwelt,wald,wms,schutzwald"
extreme-punktniederschlage3,Extreme Punktniederschläge,hydrologie@bafu.admin.ch,,2018-01-01T00:00:00,2022-01-01T00:00:00,,bund
geodatenmodell-und-dokumentation-auengebiete_v1_2,"Geodatenmodell und Dokumentation ""Auengebiete_V1_2""",gis@bafu.admin.ch,,2022-06-02T00:00:00,,,"geodatenmodell,minimales-geodatenmodel-mgdm,modelldokumentation,bundesinventar,biodiversitat"
hades-bilanzierungsgebiete,HADES: Bilanzierungsgebiete,hydrologie@bafu.admin.ch,,2018-01-01T00:00:00,2025-05-13T00:00:00,,"aufbewahrungs--und-archivierungsplanung-aap---bund,e-geoch,umwelt,hydrogeologie,atlas,hydrologie,gewassernetz,umweltuberwachung,opendata,bgdi-bundesgeodaten-infrastruktur,wasserbau,hydrologie"
mittlere-niederschlagshohen-im-alpenraum-197120081,Mittlere Niederschlagshöhen im Alpenraum 1971–2008,hydrologie@bafu.admin.ch,,2018-01-01T00:00:00,,,bund
tafel-8-7-vulnerabilitat-der-grundwasservorkommen2,Tafel 8.7 Vulnerabilität der Grundwasservorkommen,hydrologie@bafu.admin.ch,,2007-01-01T00:00:00,,,bund
niederschlagsverhaltnisse-seit-1864,Niederschlagsverhältnisse seit 1864,hydrologie@bafu.admin.ch,,2020-01-01T00:00:00,,,bund
geodatenmodell-und-dokumentation-noisepollutionregisterforrailwayinfrastructure_lv95_v1_4,"Geodatenmodell und Dokumentation ""NoisePollutionRegisterForRailwayInfrastructure_LV95_V1_4""",pasquale.didonato@swisstopo.ch,,2025-04-29T00:00:00,,,"minimales-geodatenmodel-mgdm,minimales-geodatenmodel-mgdm,modelldokumentation,modelldokumentation,larm,eisenbahn"
mittlere-jahrliche-verdunstungshohen-19731992,Mittlere jährliche Verdunstungshöhen 1973–1992,hydrologie@bafu.admin.ch,,1999-01-01T00:00:00,,,bund
geographische-regionen-nationale-grundwasserbeobachtung-naqua,Geographische Regionen – Nationale Grundwasserbeobachtung NAQUA,hydrogeologie@bafu.admin.ch,,2026-02-06T00:00:00,,,"hydrogeologie,wasser,umwelt"
stickstoffdioxid-immissionen-entlang-der-a2-und-a13,Stickstoffdioxid-Immissionen entlang der A2 und A13,info@bafu.admin.ch,,2025-12-08T00:00:00,2026-05-04T06:55:32.513000+00:00,,
russ-konzentration-entlang-der-a2-und-a13,Russ-Konzentration entlang der A2 und A13,info@bafu.admin.ch,,2025-12-08T00:00:00,2026-05-04T06:54:59.738000+00:00,,
nox-konzentration-entlang-der-a2-und-a13,NOx-Konzentration entlang der A2 und A13,info@bafu.admin.ch,,2025-12-08T00:00:00,2026-05-04T06:50:02.275000+00:00,,
feinstaub-immissionen-entlang-der-a2-und-a13,Feinstaub-Immissionen entlang der A2 und A13,info@bafu.admin.ch,,2025-12-08T00:00:00,2026-05-04T06:43:13.906000+00:00,,
treibhausgasemissionen-nach-sektor-und-gas,Treibhausgasemissionen nach Sektor und Gas,climatereporting@bafu.admin.ch,,2022-08-31T00:00:00,2026-04-13T09:20:02.474000+00:00,,
rote-liste,Rote Liste,bnl@bafu.admin.ch,,2024-01-24T00:00:00,2024-01-24T00:00:00,,
lfi-veranderungen,LFI: Veränderungen,wald@bafu.admin.ch,,2024-10-14T18:43:11+00:00,2024-10-14T19:27:11+00:00,,"forstwirtschaft,landesforstinventar,wald"
lfi-themen-nach-nadel-und-laubholz,"LFI: Themen nach Nadelholz, Laubholz",wald@bafu.admin.ch,,2023-11-02T20:41:20+00:00,2024-10-14T17:06:57+00:00,,"forstwirtschaft,landesforstinventar,wald"
lfi-themen-nach-eigentum-offentlich-privat,LFI: Themen nach Eigentum (2 Klassen),wald@bafu.admin.ch,,2023-11-02T20:34:16+00:00,2024-10-14T16:58:12+00:00,,"forstwirtschaft,landesforstinventar,wald"
lfi-themen-nach-baumzustand,LFI: Themen nach Baumzustand,wald@bafu.admin.ch,,2023-06-22T05:30:59+00:00,2024-10-14T17:09:00+00:00,,"forstwirtschaft,landesforstinventar,wald"
lfi-themen-nach-hauptbaumart,LFI: Themen nach Hauptbaumart,wald@bafu.admin.ch,,2023-06-22T05:27:53+00:00,2024-10-14T16:51:06+00:00,,"forstwirtschaft,landesforstinventar,wald"
lfi-themen-nach-waldtyp,LFI: Themen nach Waldtyp (12 Klassen),wald@bafu.admin.ch,,2023-06-22T05:36:11+00:00,2024-10-14T17:26:35+00:00,,"forstwirtschaft,landesforstinventar,wald"
lfi-themen-nach-standortsgute,LFI: Themen nach Standortgüte,wald@bafu.admin.ch,,2023-06-22T05:35:05+00:00,2024-10-14T17:21:26+00:00,,"forstwirtschaft,landesforstinventar,wald"
lfi-themen-nach-zeitpunkt-des-letzten-eingriffs,LFI: Themen nach Zeitpunkt des letzten Eingriffs (5- bzw. 10-Jahres-Klassen),wald@bafu.admin.ch,,2023-06-22T05:34:29+00:00,2024-10-14T17:19:10+00:00,,"forstwirtschaft,landesforstinventar,wald"
lfi-themen-nach-anzahl-schaden,LFI: Themen nach Anzahl Schäden,wald@bafu.admin.ch,,2023-06-22T05:33:45+00:00,2024-10-14T17:17:16+00:00,,"forstwirtschaft,landesforstinventar,wald"
lfi-themen-nach-schadigungsgrad,LFI: Themen nach Schädigungsgrad,wald@bafu.admin.ch,,2023-06-22T05:33:10+00:00,2024-10-14T17:15:22+00:00,,"forstwirtschaft,landesforstinventar,wald"
lfi-themen-nach-waldtyp-und-entwicklungsstufe,LFI: Themen nach Waldtyp (17 Klassen),wald@bafu.admin.ch,,2023-06-22T05:31:41+00:00,2024-10-14T17:13:28+00:00,,"forstwirtschaft,landesforstinventar,wald"
lfi-themen-nach-nais-waldformationen-10-klassen,LFI: Themen nach NaiS-Waldformationen (10 Klassen),wald@bafu.admin.ch,,2023-06-22T06:02:52+00:00,2024-10-14T18:42:57+00:00,,"forstwirtschaft,landesforstinventar,wald"
lfi-themen-nach-hoch-oder-tieflagen-nais,LFI: Themen nach Hochlagen/Tieflagen,wald@bafu.admin.ch,,2023-06-22T05:59:37+00:00,2024-10-14T18:40:23+00:00,,"forstwirtschaft,landesforstinventar,wald"
lfi-themen-nach-nais-vegetationshohenstufen-6-klassen,LFI: Themen nach NaiS-Vegetationshöhenstufen (6 Klassen),wald@bafu.admin.ch,,2023-06-22T05:55:29+00:00,2024-10-14T18:34:26+00:00,,"forstwirtschaft,landesforstinventar,wald"
lfi-themen-nach-nais-vegetationshohenstufen-10-klassen,LFI: Themen nach NaiS-Vegetationshöhenstufen (10 Klassen),wald@bafu.admin.ch,,2023-06-22T05:51:19+00:00,2024-10-14T18:26:25+00:00,,"forstwirtschaft,landesforstinventar,wald"
lfi-themen-nach-eingefuhrte-baumart-baumformige-neophyten-8-klassen,LFI: Themen nach eingeführte Baumart (baumförmige Neophyten; 8 Klassen),wald@bafu.admin.ch,,2023-06-22T05:50:20+00:00,2024-10-14T18:17:32+00:00,,"forstwirtschaft,landesforstinventar,wald"
lfi-themen-nach-eingefuhrte-baumart-baumformiger-neophyt-3-klassen-ab-lfi1,LFI: Themen nach eingeführte Baumart (baumförmige Neophyten; 3 Klassen; ab LFI1),wald@bafu.admin.ch,,2023-06-22T05:49:57+00:00,2024-10-14T18:15:16+00:00,,"forstwirtschaft,landesforstinventar,wald"
lfi-themen-nach-mischungsgrad,LFI: Themen nach Mischungsgrad (terrestrisch),wald@bafu.admin.ch,,2023-06-22T05:26:10+00:00,2024-10-14T16:43:18+00:00,,"forstwirtschaft,landesforstinventar,wald"
lfi-themen-nach-baumart-56-klassen,LFI: Themen nach Baumart (56 Klassen),wald@bafu.admin.ch,,2023-06-22T05:48:03+00:00,2024-10-14T18:12:49+00:00,,"forstwirtschaft,landesforstinventar,wald"
lfi-themen-nach-baumalter-40-jahres-klassen,LFI: Themen nach Baumalter (40-Jahres-Klassen),wald@bafu.admin.ch,,2023-06-22T05:47:46+00:00,2024-10-14T18:03:13+00:00,,"forstwirtschaft,landesforstinventar,wald"
lfi-themen-nach-entwicklungsstufe,LFI: Themen nach Entwicklungsstufe,wald@bafu.admin.ch,,2023-06-22T05:23:38+00:00,2024-10-14T16:39:08+00:00,,"forstwirtschaft,landesforstinventar,wald"
lfi-themen-nach-schafthohe-gebrochener-durrstander-6-klassen,LFI: Themen nach Schafthöhe gebrochener Dürrständer (6 Klassen),wald@bafu.admin.ch,,2023-06-22T05:47:28+00:00,2024-10-14T18:01:59+00:00,,"forstwirtschaft,landesforstinventar,wald"
lfi-themen-nach-stucklange-liegender-toter-probebaume-6-klassen,LFI: Themen nach Stücklänge liegender toter Bäume (6 Klassen),wald@bafu.admin.ch,,2023-06-22T05:47:08+00:00,2024-10-14T18:00:24+00:00,,"forstwirtschaft,landesforstinventar,wald"
lfi-themen-nach-durchmesser-10-cm-klassen,LFI: Themen nach Brusthöhendurchmesser (10 Klassen),wald@bafu.admin.ch,,2023-06-22T05:45:58+00:00,2024-10-14T17:58:45+00:00,,"forstwirtschaft,landesforstinventar,wald"
lfi-themen-nach-dominanter-durchmesser-10-cm-klassen,LFI: Themen nach dominanter Brusthöhendurchmesser (stehend-lebend; 8 Klassen),wald@bafu.admin.ch,,2023-06-22T05:45:23+02:00,2024-10-14T17:55:03+00:00,,"forstwirtschaft,landesforstinventar,wald"
lfi-themen-nach-flachenschadenausmass-10-klassen,LFI: Themen nach Schadenausmass (10 Klassen),wald@bafu.admin.ch,,2023-06-22T05:44:57.346000+02:00,2024-10-14T17:52:40+00:00,,"forstwirtschaft,landesforstinventar,wald"
lfi-themen-nach-gigant,LFI: Themen nach Gigant (nein/ja),wald@bafu.admin.ch,,2023-06-22T05:44:17,2024-10-14T17:50:41+00:00,,"forstwirtschaft,landesforstinventar,wald"
lfi-themen-nach-baumzustand-stehend-liegend,LFI: Themen nach Baumzustand (stehend/liegend),wald@bafu.admin.ch,,2023-06-22T05:43:48+00:00,2024-10-14T17:48:45+00:00,,"forstwirtschaft,landesforstinventar,wald"
lfi-themen-nach-baumzustand-lebend-tot,LFI: Themen nach Baumzustand (lebend/tot),wald@bafu.admin.ch,,2023-06-22T05:43:13+00:00,2024-10-14T17:47:12+00:00,,"forstwirtschaft,landesforstinventar,wald"
lfi-themen-nach-baumart-5-klassen,LFI: Themen nach Baumart (5 Klassen),wald@bafu.admin.ch,,2023-06-22T05:41:17+00:00,2024-10-14T17:45:18+00:00,,"forstwirtschaft,landesforstinventar,wald"
lfi-themen-nach-exposition-8-klassen,LFI: Themen nach Exposition (9 Klassen),wald@bafu.admin.ch,,2023-06-22T05:40:04+00:00,2024-10-14T17:39:53+00:00,,"forstwirtschaft,landesforstinventar,wald"
lfi-themen-nach-brusthohendurchmesser-4-cm-stufen,LFI: Themen nach Brusthöhendurchmesser (4-cm-Stufen),wald@bafu.admin.ch,,2023-06-22T05:38:56+00:00,2024-10-14T17:36:32+00:00,,"forstwirtschaft,landesforstinventar,wald"
lfi-themen-nach-durchmesser-starkeklasse,LFI: Themen nach Brusthöhendurchmesser (Stärkeklassen),wald@bafu.admin.ch,,2023-06-22T05:38:05+00:00,2024-10-14T17:29:26+00:00,,"forstwirtschaft,landesforstinventar,wald"
grosse-hochwasserabflusse-in-der-schweiz,Grosse Hochwasserabflüsse in der Schweiz,hydrologie@bafu.admin.ch,,2018-03-15T00:00:00,2018-12-07T00:00:00,,hochwasser
national-prioritare-arten,National Prioritäre Arten,bnl@bafu.admin.ch,,2025-07-14T00:00:00,,,"artenforderung,biodiversitat"
liste-der-national-prioritaren-lebensraume,Liste der National Prioritären  Lebensräume,bnl@bafu.admin.ch,,2025-06-30T00:00:00,,,"artenforderung,biodiversitat"
restwassersanierung-nach-art-80-ff-gschg,Restwassersanierung nach Art. 80 ff. GSchG,wasser@bafu.admin.ch,,2011-07-01T00:00:00,2020-12-31T00:00:00,,wasser
holzflussmodell-in-der-schweiz,Holzflussmodell in der Schweiz,wald@bafu.admin.ch,,2023-05-24T00:00:00,2025-04-11T08:03:37.826000+00:00,,
bodenbelastung-durch-schwermetalle,Bodenbelastung durch Schwermetalle,nabodat@bafu.admin.ch,,2009-12-31T00:00:00,2025-08-04T13:29:08.798000+00:00,,
luftbelastung-entlang-der-a2-und-der-a13-jahresmittelwerte-no-und-no2,Luftbelastung entlang der A2 und der A13 - Jahresmittelwerte - NO und NO2,klaus.kammer@bafu.admin.ch,,2022-05-30T00:00:00,2025-04-10T13:58:32.398000+00:00,,"luft,verkehr,transitverkehr,landverkehrsabkommen,luftbelastung"
larmbelastung-durch-verkehr,Lärmbelastung durch Verkehr,noise@bafu.admin.ch,,2017-07-04T00:00:00,2025-08-04T13:41:27.135000+00:00,,"larmbelastung-larm-umweltmonitoring-datenbank-sonbase-strassenverkehrslarm-eisenbahnlarm-fluglarm-be,eisenbahnlarm,fluglarm,strassenverkehrslarm"
badegewaesserqualitaet,Badegewässerqualität (ods),"Païvi Rinta, BAFU",wasser@bafu.admin.ch,2018-04-23T00:00:00,2023-07-06T00:00:00,,"badegewasserqualitat,e-coli,enterokkoken-bakterien"
